{"Acc": 0.7999049771801259, "IoU": 0.5891960136656559, "mIoU": 0.7301010084556713}