{"Acc": 0.6738940937409551, "IoU": 0.4437856102628699, "mIoU": 0.6269831634410286}