{"Acc": 0.8244817309444246, "IoU": 0.6401251638410174, "mIoU": 0.7661525490231051}