{"Acc": 0.8130908083542634, "IoU": 0.6589853937437995, "mIoU": 0.7806849217628937}