{"Acc": 0.8137262796679464, "IoU": 0.5802852011944939, "mIoU": 0.7218603341437644}