{"Acc": 0.8062816835819532, "IoU": 0.5697438499227925, "mIoU": 0.7143536809803829}