{"Acc": 0.7930603057312066, "IoU": 0.5823423230966845, "mIoU": 0.7254980500079773}