{"Acc": 0.7902441252414667, "IoU": 0.5035147620067549, "mIoU": 0.6618464831879578}