{"Acc": 0.1416109594971436, "IoU": 0.11664421282925508, "mIoU": 0.45068887629353155}