{"Acc": 0.7780104088215334, "IoU": 0.5396898023888779, "mIoU": 0.6934922125705145}