{"Acc": 0.8527683172401178, "IoU": 0.6113636620022209, "mIoU": 0.7248967142356294}