{"Acc": 0.3106629402394181, "IoU": 0.24861219005497054, "mIoU": 0.5227204044554536}