{"Acc": 0.5011519786164091, "IoU": 0.3670489034796848, "mIoU": 0.5860035324363252}