{"Acc": 0.7188405445732838, "IoU": 0.5027864278091176, "mIoU": 0.6670300207822655}