{"Acc": 0.832843155612251, "IoU": 0.6029758236154817, "mIoU": 0.7345989245038219}