{"Acc": 0.7655222500047082, "IoU": 0.5109636523994974, "mIoU": 0.6675575539104379}