{"Acc": 0.13848117711922872, "IoU": 0.11775912446837387, "mIoU": 0.4506619465710831}