{"Acc": 0.6796747003052418, "IoU": 0.46687963630743484, "mIoU": 0.6421833018160809}