{"Acc": 0.6679213017009852, "IoU": 0.47029500087031245, "mIoU": 0.6469344750043451}