{"Acc": 0.11999808642145009, "IoU": 0.09226497111358219, "mIoU": 0.42346207413861653}