{"Acc": 0.4874586789337731, "IoU": 0.3434377572402291, "mIoU": 0.5668835424126774}