{"Acc": 0.2548688776580396, "IoU": 0.20182958861854738, "mIoU": 0.49316484597634874}