{"Acc": 0.8499380852114744, "IoU": 0.6285094200019842, "mIoU": 0.7394526378655606}