{"Acc": 0.645501694188068, "IoU": 0.4091795605466989, "mIoU": 0.595870832507319}