{"Acc": 0.8358563058366094, "IoU": 0.585133058226023, "mIoU": 0.7202263607308006}