{"Acc": 0.8118628449068397, "IoU": 0.5650417228947021, "mIoU": 0.706679352994935}