{"Acc": 0.847720622726949, "IoU": 0.6110369863445454, "mIoU": 0.7394572120369509}