{"Acc": 0.8419193776518419, "IoU": 0.6089094257466285, "mIoU": 0.7241299142099635}