{"Acc": 0.6325413989947651, "IoU": 0.4351492350478585, "mIoU": 0.6220886365999483}