{"Acc": 0.7676695275820484, "IoU": 0.5149975569725815, "mIoU": 0.670695371494106}