{"Acc": 0.7316348519801533, "IoU": 0.48553975161552193, "mIoU": 0.6504907909747157}