{"Acc": 0.7082603168184722, "IoU": 0.49616793088042127, "mIoU": 0.6629462884184663}