{"Acc": 0.6852394040458333, "IoU": 0.4580886296312911, "mIoU": 0.6336039212482902}