{"Acc": 0.6502545124411829, "IoU": 0.425355787493074, "mIoU": 0.6100942440561001}