{"Acc": 0.6831806619466505, "IoU": 0.4493907956329582, "mIoU": 0.6261910239299732}