{"Acc": 0.7295414749750899, "IoU": 0.49227133630123493, "mIoU": 0.6566110260427245}