{"Acc": 0.8146271000388128, "IoU": 0.5682016138627196, "mIoU": 0.7089236166158732}