{"Acc": 0.8660683244946605, "IoU": 0.6631504526838546, "mIoU": 0.7657552756181776}