{"Acc": 0.8396198211436857, "IoU": 0.6859245878479749, "mIoU": 0.7917066767242035}