{"Acc": 0.8405526369694509, "IoU": 0.6863240221875754, "mIoU": 0.7919317902261913}