{"Acc": 0.8404162924309925, "IoU": 0.686813990810735, "mIoU": 0.7923034368781222}