{"Acc": 0.8821729660279074, "IoU": 0.8045155998797275, "mIoU": 0.8700314712299415}