{"Acc": 0.8914644321296161, "IoU": 0.8018107363441198, "mIoU": 0.8676848230823307}