{"Acc": 0.8860088239470238, "IoU": 0.8020960273704493, "mIoU": 0.8681441542985028}