{"Acc": 0.3210495404499832, "IoU": 0.25956586562863065, "mIoU": 0.5344332727956558}