{"Acc": 0.5620193689670563, "IoU": 0.3722632768241193, "mIoU": 0.5822487573674637}