{"Acc": 0.6011737353748511, "IoU": 0.3943520440902491, "mIoU": 0.5950948907261028}