{"Acc": 0.8388470068059971, "IoU": 0.7176022145118512, "mIoU": 0.8202784802648693}