{"Acc": 0.8401155664159369, "IoU": 0.7178514529807498, "mIoU": 0.820380865194591}