{"Acc": 0.4467191062890312, "IoU": 0.323427644274101, "mIoU": 0.5618068531229174}