{"Acc": 0.8262511213834608, "IoU": 0.7189707135474548, "mIoU": 0.8219073961989344}