{"s_Acc": 0.20063006663689004, "s_IoU": 0.20040384082309234, "s_mIoU": 0.5003218585756286, "t_Acc": 0.001434872086445706, "t_IoU": 0.0014346342370044353, "t_mIoU": 0.40315236090093887, "bn_loss": 0.16454853117465973, "s_adv": 0.0, "t_adv": 0.0}