{"s_Acc": 0.23982391555298602, "s_IoU": 0.23938561021885307, "s_mIoU": 0.5236763457582714, "t_Acc": 0.002619607755298887, "t_IoU": 0.002618946376304431, "t_mIoU": 0.40382921461248744, "bn_loss": 0.20067304372787476, "s_adv": 0.0, "t_adv": 0.0}