{"s_Acc": 0.6518477733946813, "s_IoU": 0.614991565821511, "s_mIoU": 0.7501177774307819, "t_Acc": 0.22354801134298408, "t_IoU": 0.21443340332276595, "t_mIoU": 0.5235843049517614, "bn_loss": 0.19915392994880676, "s_adv": 0.0, "t_adv": 0.0}