{"s_Acc": 0.058261808615116664, "s_IoU": 0.05825093848291054, "s_mIoU": 0.41563148650847903, "t_Acc": 0.0, "t_IoU": 0.0, "t_mIoU": 0.402338447265625, "bn_loss": 0.16863617300987244, "s_adv": 0.0, "t_adv": 0.0}