{"s_Acc": 0.0006089900479789745, "s_IoU": 0.0006089900479789745, "s_mIoU": 0.3815364066332478, "t_Acc": 0.0, "t_IoU": 0.0, "t_mIoU": 0.402338447265625, "bn_loss": 0.1589030772447586, "s_adv": 0.0, "t_adv": 0.0}