{"s_Acc": 0.060879390937554345, "s_IoU": 0.06086463829468862, "s_mIoU": 0.4171755708896268, "t_Acc": 0.0005411206171504888, "t_IoU": 0.0005404311724974612, "t_mIoU": 0.40252658883554243, "bn_loss": 0.1606656312942505, "s_adv": 0.0, "t_adv": 0.0}