{"s_Acc": 0.77835225990825, "s_IoU": 0.6777229174366142, "s_mIoU": 0.7849001142576579, "t_Acc": 0.31724877339160484, "t_IoU": 0.2889912545955604, "t_mIoU": 0.5632321792284097, "bn_loss": 0.19060344994068146, "s_adv": 0.0, "t_adv": 0.0}