{"s_Acc": 0.19330087307165464, "s_IoU": 0.19293946290812172, "s_mIoU": 0.49576649994462996, "t_Acc": 0.013960991918138845, "t_IoU": 0.013946122672239622, "t_mIoU": 0.4103072363200224, "bn_loss": 0.20065754652023315, "s_adv": 0.0, "t_adv": 0.0}