{"s_Acc": 0.0015842163017996142, "s_IoU": 0.0015842134929822398, "s_mIoU": 0.38211219485445164, "t_Acc": 0.0, "t_IoU": 0.0, "t_mIoU": 0.402338447265625, "bn_loss": 0.15957871079444885, "s_adv": 0.0, "t_adv": 0.0}