{"s_Acc": 0.039890196364661484, "s_IoU": 0.039888185209922544, "s_mIoU": 0.4047628314101897, "t_Acc": 0.0, "t_IoU": 0.0, "t_mIoU": 0.402338447265625, "bn_loss": 0.17277024686336517, "s_adv": 0.0, "t_adv": 0.0}