{"s_Acc": 0.0004673713275355107, "s_IoU": 0.0004673704125680643, "s_mIoU": 0.38145253231014997, "t_Acc": 0.0, "t_IoU": 0.0, "t_mIoU": 0.402338447265625, "bn_loss": 0.1522062122821808, "s_adv": 0.0, "t_adv": 0.0}