{"s_Acc": 0.0026801176624770082, "s_IoU": 0.0026800821229938216, "s_mIoU": 0.3827581365159385, "t_Acc": 0.0, "t_IoU": 0.0, "t_mIoU": 0.402338447265625, "bn_loss": 0.1557149440050125, "s_adv": 0.0, "t_adv": 0.0}