{"s_Acc": 0.023255685101429883, "s_IoU": 0.023254328805381315, "s_mIoU": 0.3949152647207353, "t_Acc": 0.0, "t_IoU": 0.0, "t_mIoU": 0.402338447265625, "bn_loss": 0.1666959524154663, "s_adv": 0.0, "t_adv": 0.0}