{"s_Acc": 0.01033476833408366, "s_IoU": 0.010334557617107134, "s_mIoU": 0.3872800714547481, "t_Acc": 0.0, "t_IoU": 0.0, "t_mIoU": 0.402338447265625, "bn_loss": 0.15382908284664154, "s_adv": 0.0, "t_adv": 0.0}