{"s_Acc": 0.4341665394782314, "s_IoU": 0.42637029830540935, "s_mIoU": 0.6357931017852174, "t_Acc": 0.0984357049412217, "t_IoU": 0.0974320341115375, "t_mIoU": 0.4579160225640183, "bn_loss": 0.23103781044483185, "s_adv": 0.0, "t_adv": 0.0}