{"s_Acc": 0.002098498368762146, "s_IoU": 0.0020984942605561424, "s_mIoU": 0.3824159404640358, "t_Acc": 0.0, "t_IoU": 0.0, "t_mIoU": 0.402338447265625, "bn_loss": 0.16581180691719055, "s_adv": 0.0, "t_adv": 0.0}