{"s_Acc": 0.04490576703639224, "s_IoU": 0.04489518198092069, "s_mIoU": 0.40770769380110783, "t_Acc": 6.474648426590436e-05, "t_IoU": 6.474621558369913e-05, "t_mIoU": 0.40237550332608907, "bn_loss": 0.17748133838176727, "s_adv": 0.0, "t_adv": 0.0}