{"s_Acc": 0.4496059719513671, "s_IoU": 0.44501947245640316, "s_mIoU": 0.6479152795100735, "t_Acc": 0.05187773303909598, "t_IoU": 0.05166594516357406, "t_mIoU": 0.43188558643641906, "bn_loss": 0.21183638274669647, "s_adv": 0.0, "t_adv": 0.0}