{"s_Acc": 0.1918733090894692, "s_IoU": 0.1916120786875469, "s_mIoU": 0.4950243485618902, "t_Acc": 0.006962921913340105, "t_IoU": 0.006960121660443758, "t_mIoU": 0.4063270959395142, "bn_loss": 0.19828256964683533, "s_adv": 0.0, "t_adv": 0.0}