{"s_Acc": 0.6390685492229586, "s_IoU": 0.6100987488418697, "s_mIoU": 0.7478301162098893, "t_Acc": 0.15551820536144886, "t_IoU": 0.15190361955552412, "t_mIoU": 0.4884980016109804, "bn_loss": 0.20588350296020508, "s_adv": 0.0, "t_adv": 0.0}