{"s_Acc": 0.011486519330992278, "s_IoU": 0.011486240582943764, "s_mIoU": 0.3879603250525477, "t_Acc": 0.0, "t_IoU": 0.0, "t_mIoU": 0.402338447265625, "bn_loss": 0.14896529912948608, "s_adv": 0.0, "t_adv": 0.0}