{"s_Acc": 0.3425580285846712, "s_IoU": 0.34016166647954166, "s_mIoU": 0.5841270485802627, "t_Acc": 0.05182993563449505, "t_IoU": 0.051575006483847295, "t_mIoU": 0.43175304729534847, "bn_loss": 0.20271500945091248, "s_adv": 0.0, "t_adv": 0.0}