{"s_Acc": 0.24286066564787867, "s_IoU": 0.24246240231416555, "s_mIoU": 0.5255478981042785, "t_Acc": 0.0027583502215829682, "t_IoU": 0.002757802413879409, "t_mIoU": 0.403914823148478, "bn_loss": 0.20005880296230316, "s_adv": 0.0, "t_adv": 0.0}