{"s_Acc": 0.09657591494780053, "s_IoU": 0.09653774229281505, "s_mIoU": 0.43835138104731713, "t_Acc": 5.0847238994922576e-05, "t_IoU": 5.0847010195800485e-05, "t_mIoU": 0.40236742723378727, "bn_loss": 0.19221031665802002, "s_adv": 0.0, "t_adv": 0.0}