{"s_Acc": 0.005153015444492923, "s_IoU": 0.005152890584496605, "s_mIoU": 0.3842176605255026, "t_Acc": 0.0, "t_IoU": 0.0, "t_mIoU": 0.402338447265625, "bn_loss": 0.16437555849552155, "s_adv": 0.0, "t_adv": 0.0}