{"s_Acc": 0.020068672890010346, "s_IoU": 0.020066867273905407, "s_mIoU": 0.3930260677399407, "t_Acc": 0.0, "t_IoU": 0.0, "t_mIoU": 0.402338447265625, "bn_loss": 0.17130011320114136, "s_adv": 0.0, "t_adv": 0.0}