{"s_Acc": 0.26993953907502066, "s_IoU": 0.2692614694563195, "s_mIoU": 0.5416164580064283, "t_Acc": 0.00922649900110424, "t_IoU": 0.009219161408012837, "t_mIoU": 0.40759654079791, "bn_loss": 0.19398896396160126, "s_adv": 0.0, "t_adv": 0.0}