{"s_Acc": 0.0007914248054829568, "s_IoU": 0.0007914227299223208, "s_mIoU": 0.38164384270679863, "t_Acc": 0.0, "t_IoU": 0.0, "t_mIoU": 0.402338447265625, "bn_loss": 0.14957864582538605, "s_adv": 0.0, "t_adv": 0.0}