{"s_Acc": 0.005512418196166085, "s_IoU": 0.0055123524291623965, "s_mIoU": 0.3844314939614146, "t_Acc": 0.0, "t_IoU": 0.0, "t_mIoU": 0.402338447265625, "bn_loss": 0.15009400248527527, "s_adv": 0.0, "t_adv": 0.0}