{"s_Acc": 0.017292628306043594, "s_IoU": 0.01729151567859184, "s_mIoU": 0.39138774099722473, "t_Acc": 0.0, "t_IoU": 0.0, "t_mIoU": 0.402338447265625, "bn_loss": 0.1713249683380127, "s_adv": 0.0, "t_adv": 0.0}