{"s_Acc": 0.34368026644708993, "s_IoU": 0.34188606715295167, "s_mIoU": 0.5853419882261864, "t_Acc": 0.04172033458583199, "t_IoU": 0.04160221774262904, "t_mIoU": 0.4261655686780986, "bn_loss": 0.1993456780910492, "s_adv": 0.0, "t_adv": 0.0}