{"s_Acc": 0.10656136449230834, "s_IoU": 0.10653120267210657, "s_mIoU": 0.4443115199071876, "t_Acc": 0.0, "t_IoU": 0.0, "t_mIoU": 0.402338447265625, "bn_loss": 0.1685650795698166, "s_adv": 0.0, "t_adv": 0.0}