{"s_Acc": 0.015090667747411303, "s_IoU": 0.015089488911222894, "s_mIoU": 0.3900840793623836, "t_Acc": 2.799847968255324e-06, "t_IoU": 2.799847968255324e-06, "t_mIoU": 0.4023400672185678, "bn_loss": 0.17914745211601257, "s_adv": 0.0, "t_adv": 0.0}