{"s_Acc": 0.00794357650136898, "s_IoU": 0.007943464711228016, "s_mIoU": 0.3858677274515529, "t_Acc": 0.0, "t_IoU": 0.0, "t_mIoU": 0.402338447265625, "bn_loss": 0.1462944746017456, "s_adv": 0.0, "t_adv": 0.0}