{"s_Acc": 0.023607663397492942, "s_IoU": 0.023606082548877624, "s_mIoU": 0.3951223503225141, "t_Acc": 3.3498181048769054e-06, "t_IoU": 3.3498181048769054e-06, "t_mIoU": 0.4023403854236384, "bn_loss": 0.17794302105903625, "s_adv": 0.0, "t_adv": 0.0}