{"s_Acc": 0.12660410719406848, "s_IoU": 0.1264934796245209, "s_mIoU": 0.45614056518967117, "t_Acc": 0.000945698648563383, "t_IoU": 0.0009456639445810432, "t_mIoU": 0.40288202699107745, "bn_loss": 0.18394187092781067, "s_adv": 0.0, "t_adv": 0.0}