{"s_Acc": 0.16911550576499743, "s_IoU": 0.16888889774203175, "s_mIoU": 0.4814159241709722, "t_Acc": 0.004470007278604772, "t_IoU": 0.0044672640806884675, "t_mIoU": 0.40486364313548057, "bn_loss": 0.19394147396087646, "s_adv": 0.0, "t_adv": 0.0}