{"s_Acc": 0.04189775438659739, "s_IoU": 0.04189179077715451, "s_mIoU": 0.40593903924549213, "t_Acc": 0.0, "t_IoU": 0.0, "t_mIoU": 0.402338447265625, "bn_loss": 0.17354921996593475, "s_adv": 0.0, "t_adv": 0.0}