{"s_Acc": 0.3384603570269259, "s_IoU": 0.3367688434040441, "s_mIoU": 0.5822534486661188, "t_Acc": 0.0448919623664435, "t_IoU": 0.044733437907050956, "t_mIoU": 0.42791510301079516, "bn_loss": 0.19812330603599548, "s_adv": 0.0, "t_adv": 0.0}