{"s_Acc": 0.010636031318939395, "s_IoU": 0.010635790888323051, "s_mIoU": 0.38745785042552616, "t_Acc": 0.0, "t_IoU": 0.0, "t_mIoU": 0.402338447265625, "bn_loss": 0.1579153835773468, "s_adv": 0.0, "t_adv": 0.0}