{"s_Acc": 0.43665846011914883, "s_IoU": 0.42967724048051076, "s_mIoU": 0.6379959581359812, "t_Acc": 0.14946703394005706, "t_IoU": 0.14640908749201412, "t_mIoU": 0.4855411051455542, "bn_loss": 0.2173047512769699, "s_adv": 0.0, "t_adv": 0.0}