{"s_Acc": 0.1797297808433679, "s_IoU": 0.17939064894569626, "s_mIoU": 0.48764470802312965, "t_Acc": 0.02915226703190017, "t_IoU": 0.029088538957904763, "t_mIoU": 0.418971611090916, "bn_loss": 0.20550662279129028, "s_adv": 0.0, "t_adv": 0.0}