{"s_Acc": 0.02652842945947156, "s_IoU": 0.02652617001116676, "s_mIoU": 0.3968479702782598, "t_Acc": 5.264714126022957e-05, "t_IoU": 5.263971156837396e-05, "t_mIoU": 0.40235512017049835, "bn_loss": 0.1723933070898056, "s_adv": 0.0, "t_adv": 0.0}