{"s_Acc": 0.07488520166372815, "s_IoU": 0.07486748635423529, "s_mIoU": 0.4254882639313663, "t_Acc": 1.8998968356018267e-06, "t_IoU": 1.8998968356018267e-06, "t_mIoU": 0.40233954651938136, "bn_loss": 0.1767723262310028, "s_adv": 0.0, "t_adv": 0.0}