{"s_Acc": 0.01075844249253085, "s_IoU": 0.010758001009315166, "s_mIoU": 0.3875279049103563, "t_Acc": 0.0, "t_IoU": 0.0, "t_mIoU": 0.402338447265625, "bn_loss": 0.15647663176059723, "s_adv": 0.0, "t_adv": 0.0}