{"s_Acc": 0.010054448962814632, "s_IoU": 0.010054303381173715, "s_mIoU": 0.3871151321186108, "t_Acc": 0.0, "t_IoU": 0.0, "t_mIoU": 0.402338447265625, "bn_loss": 0.16412052512168884, "s_adv": 0.0, "t_adv": 0.0}