{"s_Acc": 0.09970885052731365, "s_IoU": 0.09968314978113473, "s_mIoU": 0.4402383082730744, "t_Acc": 0.0, "t_IoU": 0.0, "t_mIoU": 0.402338447265625, "bn_loss": 0.16749271750450134, "s_adv": 0.0, "t_adv": 0.0}