{"s_Acc": 0.05958262296191306, "s_IoU": 0.059571233599336554, "s_mIoU": 0.41641414370332225, "t_Acc": 0.0, "t_IoU": 0.0, "t_mIoU": 0.402338447265625, "bn_loss": 0.16258494555950165, "s_adv": 0.0, "t_adv": 0.0}