{"s_Acc": 0.0022378269586194087, "s_IoU": 0.002237822164353455, "s_mIoU": 0.3824982165934574, "t_Acc": 0.0, "t_IoU": 0.0, "t_mIoU": 0.402338447265625, "bn_loss": 0.16006067395210266, "s_adv": 0.0, "t_adv": 0.0}