{"s_Acc": 0.004142513792126767, "s_IoU": 0.004142498643748995, "s_mIoU": 0.38362317318695127, "t_Acc": 0.0, "t_IoU": 0.0, "t_mIoU": 0.402338447265625, "bn_loss": 0.16262288391590118, "s_adv": 0.0, "t_adv": 0.0}