{"s_Acc": 0.7536724090829239, "s_IoU": 0.6805594612531103, "s_mIoU": 0.789073616391138, "t_Acc": 0.20128037047588315, "t_IoU": 0.19396254173795635, "t_mIoU": 0.5119494921015142, "bn_loss": 0.2045643925666809, "s_adv": 0.0, "t_adv": 0.0}