{"s_Acc": 0.20724618002524461, "s_IoU": 0.2069200019708381, "s_mIoU": 0.5041857079072484, "t_Acc": 0.0019274953370032007, "t_IoU": 0.0019273450122548788, "t_mIoU": 0.40344603090340214, "bn_loss": 0.20155788958072662, "s_adv": 0.0, "t_adv": 0.0}