{"s_Acc": 0.09648708004361, "s_IoU": 0.09644145035382584, "s_mIoU": 0.43828535539813684, "t_Acc": 0.0011030901022074501, "t_IoU": 0.00110293002060739, "t_mIoU": 0.4029624405313283, "bn_loss": 0.18897180259227753, "s_adv": 0.0, "t_adv": 0.0}