{"s_Acc": 0.8076623115277934, "s_IoU": 0.6930797208978836, "s_mIoU": 0.7939467238704834, "t_Acc": 0.2607977886800747, "t_IoU": 0.2448621441411483, "t_mIoU": 0.5396676616279592, "bn_loss": 0.20216672122478485, "s_adv": 0.0, "t_adv": 0.0}