{"s_Acc": 0.04276741300791218, "s_IoU": 0.04276400107376395, "s_mIoU": 0.4064630398155599, "t_Acc": 9.749470603746216e-06, "t_IoU": 9.749470603746216e-06, "t_mIoU": 0.4023440881742337, "bn_loss": 0.16728812456130981, "s_adv": 0.0, "t_adv": 0.0}