{"s_Acc": 0.8233675099616987, "s_IoU": 0.6829677861822007, "s_mIoU": 0.7850208432290067, "t_Acc": 0.418499975451333, "t_IoU": 0.35054929812697055, "t_mIoU": 0.5928130470474551, "bn_loss": 0.19026057422161102, "s_adv": 0.0, "t_adv": 0.0}