{"s_Acc": 0.014725207230961738, "s_IoU": 0.0147248199746142, "s_mIoU": 0.38987458397495056, "t_Acc": 0.0, "t_IoU": 0.0, "t_mIoU": 0.402338447265625, "bn_loss": 0.16138465702533722, "s_adv": 0.0, "t_adv": 0.0}