{"s_Acc": 0.009197903185985347, "s_IoU": 0.009182185133062442, "s_mIoU": 0.3863990038340923, "t_Acc": 3.854790684865812e-05, "t_IoU": 3.81623072129087e-05, "t_mIoU": 0.40137375834556066, "bn_loss": 0.1709270179271698, "s_adv": 0.0, "t_adv": 0.0}