{"s_Acc": 0.06759335200208387, "s_IoU": 0.06757912859664109, "s_mIoU": 0.4211638120751039, "t_Acc": 6.899625350343477e-06, "t_IoU": 6.899625350343477e-06, "t_mIoU": 0.402342439292954, "bn_loss": 0.1720152348279953, "s_adv": 0.0, "t_adv": 0.0}