{"s_Acc": 0.00041846595824308864, "s_IoU": 0.0004184648762472037, "s_mIoU": 0.3814235738818931, "t_Acc": 0.0, "t_IoU": 0.0, "t_mIoU": 0.402338447265625, "bn_loss": 0.1634327471256256, "s_adv": 0.0, "t_adv": 0.0}