{"s_Acc": 0.04091647036800034, "s_IoU": 0.0409121483469663, "s_mIoU": 0.4053629621035304, "t_Acc": 0.0, "t_IoU": 0.0, "t_mIoU": 0.402338447265625, "bn_loss": 0.16297918558120728, "s_adv": 0.0, "t_adv": 0.0}