{"s_Acc": 0.0027116623644224225, "s_IoU": 0.0027116429330807214, "s_mIoU": 0.38277750272061534, "t_Acc": 0.0, "t_IoU": 0.0, "t_mIoU": 0.402338447265625, "bn_loss": 0.150767982006073, "s_adv": 0.0, "t_adv": 0.0}