{"s_Acc": 0.8719683657613362, "s_IoU": 0.6859562408932538, "s_mIoU": 0.7831447582711578, "t_Acc": 0.40802489424824234, "t_IoU": 0.3484836793720297, "t_mIoU": 0.5932908509882181, "bn_loss": 0.1837300807237625, "s_adv": 0.0, "t_adv": 0.0}