{"s_Acc": 0.0015986958371188207, "s_IoU": 0.0015986958371188207, "s_mIoU": 0.38212095940615415, "t_Acc": 0.0, "t_IoU": 0.0, "t_mIoU": 0.402338447265625, "bn_loss": 0.15530775487422943, "s_adv": 0.0, "t_adv": 0.0}