{"s_Acc": 0.010363690467131972, "s_IoU": 0.010363574094274604, "s_mIoU": 0.3872983037029279, "t_Acc": 0.0, "t_IoU": 0.0, "t_mIoU": 0.402338447265625, "bn_loss": 0.15633034706115723, "s_adv": 0.0, "t_adv": 0.0}