{"s_Acc": 0.08212024131179863, "s_IoU": 0.0820952058251432, "s_mIoU": 0.4297743365309719, "t_Acc": 0.0, "t_IoU": 0.0, "t_mIoU": 0.402338447265625, "bn_loss": 0.16726472973823547, "s_adv": 0.0, "t_adv": 0.0}