{"s_Acc": 0.13276788285405824, "s_IoU": 0.13269829057525614, "s_mIoU": 0.45988019069778924, "t_Acc": 0.00020103908357776173, "t_IoU": 0.00020103484197291524, "t_mIoU": 0.40245270353563845, "bn_loss": 0.17583389580249786, "s_adv": 0.0, "t_adv": 0.0}