{"s_Acc": 0.000716515372760123, "s_IoU": 0.0007165139965125072, "s_mIoU": 0.38159968362390306, "t_Acc": 0.0, "t_IoU": 0.0, "t_mIoU": 0.402338447265625, "bn_loss": 0.15950655937194824, "s_adv": 0.0, "t_adv": 0.0}