{"s_Acc": 0.14918453621087996, "s_IoU": 0.14908194587181828, "s_mIoU": 0.4696435898328001, "t_Acc": 0.00010059453771660199, "t_IoU": 0.00010059395430334636, "t_mIoU": 0.4023960833025627, "bn_loss": 0.1734609603881836, "s_adv": 0.0, "t_adv": 0.0}