{"s_Acc": 0.0035190811464186865, "s_IoU": 0.0035187889613051775, "s_mIoU": 0.3832453016423556, "t_Acc": 5.499701366215815e-07, "t_IoU": 5.482111322543408e-07, "t_mIoU": 0.40202540518248453, "bn_loss": 0.15058422088623047, "s_adv": 0.0, "t_adv": 0.0}