{"s_Acc": 0.0022278907468825044, "s_IoU": 0.0022278655655350765, "s_mIoU": 0.38249124820393704, "t_Acc": 0.0, "t_IoU": 0.0, "t_mIoU": 0.402338447265625, "bn_loss": 0.1597747653722763, "s_adv": 0.0, "t_adv": 0.0}