{"s_Acc": 0.04498732523533308, "s_IoU": 0.04498080890025614, "s_mIoU": 0.40776897324165834, "t_Acc": 3.0498343939924062e-05, "t_IoU": 3.0498336315753975e-05, "t_mIoU": 0.40235606877655594, "bn_loss": 0.17637883126735687, "s_adv": 0.0, "t_adv": 0.0}