{"s_Acc": 0.018908130746657925, "s_IoU": 0.018906819203407477, "s_mIoU": 0.3923423981542504, "t_Acc": 0.0, "t_IoU": 0.0, "t_mIoU": 0.402338447265625, "bn_loss": 0.1662435084581375, "s_adv": 0.0, "t_adv": 0.0}