{"s_Acc": 0.0011062808234954986, "s_IoU": 0.0011062766554497479, "s_mIoU": 0.3818296677523761, "t_Acc": 0.0, "t_IoU": 0.0, "t_mIoU": 0.402338447265625, "bn_loss": 0.15579715371131897, "s_adv": 0.0, "t_adv": 0.0}