{"s_Acc": 0.06843567680672465, "s_IoU": 0.0684231738225035, "s_mIoU": 0.42166801017962785, "t_Acc": 0.0, "t_IoU": 0.0, "t_mIoU": 0.402338447265625, "bn_loss": 0.15947486460208893, "s_adv": 0.0, "t_adv": 0.0}