{"s_Acc": 0.005939232049771777, "s_IoU": 0.005931290125597672, "s_mIoU": 0.38452182307736293, "t_Acc": 9.159502639006702e-05, "t_IoU": 9.084534319183824e-05, "t_mIoU": 0.40158512111620087, "bn_loss": 0.16071613132953644, "s_adv": 0.0, "t_adv": 0.0}