{"s_Acc": 0.4242506064782918, "s_IoU": 0.4200680017090032, "s_mIoU": 0.6326349584976932, "t_Acc": 0.075142869742173, "t_IoU": 0.07467459584398885, "t_mIoU": 0.4450473401401716, "bn_loss": 0.19296036660671234, "s_adv": 0.0, "t_adv": 0.0}