{"s_Acc": 0.000827365080650273, "s_IoU": 0.0008273637359740811, "s_mIoU": 0.38166518864906485, "t_Acc": 0.0, "t_IoU": 0.0, "t_mIoU": 0.402338447265625, "bn_loss": 0.15622632205486298, "s_adv": 0.0, "t_adv": 0.0}