{"s_Acc": 0.00047771385276351535, "s_IoU": 0.00047771268815685494, "s_mIoU": 0.38145858347479283, "t_Acc": 0.0, "t_IoU": 0.0, "t_mIoU": 0.402338447265625, "bn_loss": 0.14856138825416565, "s_adv": 0.0, "t_adv": 0.0}