{"s_Acc": 0.4917405701656858, "s_IoU": 0.485231921715803, "s_mIoU": 0.6724267412112357, "t_Acc": 0.04563727189613604, "t_IoU": 0.04548768013653555, "t_mIoU": 0.42837693440759855, "bn_loss": 0.1894785761833191, "s_adv": 0.0, "t_adv": 0.0}