{"s_Acc": 0.10659819126963806, "s_IoU": 0.10651247043678269, "s_mIoU": 0.44424206749874484, "t_Acc": 0.006376553753131205, "t_IoU": 0.006372007890941729, "t_mIoU": 0.405956424197992, "bn_loss": 0.1936085969209671, "s_adv": 0.0, "t_adv": 0.0}