{"s_Acc": 0.16556185103424514, "s_IoU": 0.16537083525387045, "s_mIoU": 0.479331005195654, "t_Acc": 0.016851084986085254, "t_IoU": 0.016816825926891314, "t_mIoU": 0.4118758804952515, "bn_loss": 0.18855778872966766, "s_adv": 0.0, "t_adv": 0.0}