{"s_Acc": 0.6276013482515888, "s_IoU": 0.6027911760085475, "s_mIoU": 0.743641471084514, "t_Acc": 0.13071110238714037, "t_IoU": 0.12855759675021747, "t_mIoU": 0.4754796148934301, "bn_loss": 0.2154686003923416, "s_adv": 0.0, "t_adv": 0.0}