{"s_Acc": 0.0643385962504209, "s_IoU": 0.06432123338257016, "s_mIoU": 0.4192234092320199, "t_Acc": 0.0, "t_IoU": 0.0, "t_mIoU": 0.402338447265625, "bn_loss": 0.16880188882350922, "s_adv": 0.0, "t_adv": 0.0}