{"s_Acc": 0.0017308215969065802, "s_IoU": 0.0017308181445650176, "s_mIoU": 0.382198761584853, "t_Acc": 0.0, "t_IoU": 0.0, "t_mIoU": 0.402338447265625, "bn_loss": 0.15442343056201935, "s_adv": 0.0, "t_adv": 0.0}