{"s_Acc": 0.0015270369123247885, "s_IoU": 0.0015270305949838074, "s_mIoU": 0.38207813896196624, "t_Acc": 0.0, "t_IoU": 0.0, "t_mIoU": 0.402338447265625, "bn_loss": 0.1504475623369217, "s_adv": 0.0, "t_adv": 0.0}