{"s_Acc": 0.6806487511474663, "s_IoU": 0.6450235022179757, "s_mIoU": 0.7694138938690556, "t_Acc": 0.13440915158306904, "t_IoU": 0.13223306392996087, "t_mIoU": 0.47765194289997515, "bn_loss": 0.21170474588871002, "s_adv": 0.0, "t_adv": 0.0}