{"s_Acc": 0.0008442455593259806, "s_IoU": 0.0008442435011608348, "s_mIoU": 0.38167506168382404, "t_Acc": 0.0, "t_IoU": 0.0, "t_mIoU": 0.402338447265625, "bn_loss": 0.1528853327035904, "s_adv": 0.0, "t_adv": 0.0}