{"s_Acc": 0.1383816208598687, "s_IoU": 0.13830136091817594, "s_mIoU": 0.4632177157517506, "t_Acc": 0.0010242443835299744, "t_IoU": 0.0010241275369227822, "t_mIoU": 0.4029198735965096, "bn_loss": 0.16945099830627441, "s_adv": 0.0, "t_adv": 0.0}