{"s_Acc": 0.11188096846815233, "s_IoU": 0.11185020549009018, "s_mIoU": 0.44747986628820147, "t_Acc": 4.379762178913685e-05, "t_IoU": 4.3797602081286046e-05, "t_mIoU": 0.4023637440301073, "bn_loss": 0.17448356747627258, "s_adv": 0.0, "t_adv": 0.0}