{"s_Acc": 0.01823202509746722, "s_IoU": 0.018229907352448605, "s_mIoU": 0.3919365690301793, "t_Acc": 0.0, "t_IoU": 0.0, "t_mIoU": 0.402338447265625, "bn_loss": 0.16628697514533997, "s_adv": 0.0, "t_adv": 0.0}