{"s_Acc": 0.0009767037574246404, "s_IoU": 0.00097670018580648, "s_mIoU": 0.3817531491081382, "t_Acc": 0.0, "t_IoU": 0.0, "t_mIoU": 0.402338447265625, "bn_loss": 0.14717620611190796, "s_adv": 0.0, "t_adv": 0.0}