{"s_Acc": 4.498998474182028e-05, "s_IoU": 4.490722896514794e-05, "s_mIoU": 0.38098429535889305, "t_Acc": 1.7899028082775105e-05, "t_IoU": 1.775460751902669e-05, "t_mIoU": 0.4015543241130365, "bn_loss": 0.15569792687892914, "s_adv": 0.0, "t_adv": 0.0}