{"s_Acc": 0.4729570299104352, "s_IoU": 0.46270575805450675, "s_mIoU": 0.6578318667777311, "t_Acc": 0.13880246302625768, "t_IoU": 0.13623111101078803, "t_mIoU": 0.4797711789608334, "bn_loss": 0.2200254499912262, "s_adv": 0.0, "t_adv": 0.0}