{"s_Acc": 0.0016840216702498593, "s_IoU": 0.0016840171293918446, "s_mIoU": 0.3821710348255479, "t_Acc": 0.0, "t_IoU": 0.0, "t_mIoU": 0.402338447265625, "bn_loss": 0.15048354864120483, "s_adv": 0.0, "t_adv": 0.0}