{"s_Acc": 0.2925225537231392, "s_IoU": 0.29153902234808804, "s_mIoU": 0.5549933924629726, "t_Acc": 0.03055119107032488, "t_IoU": 0.030447434890920656, "t_mIoU": 0.41964267285204115, "bn_loss": 0.19180186092853546, "s_adv": 0.0, "t_adv": 0.0}