{"s_Acc": 0.8623866810142117, "s_IoU": 0.668228376282709, "s_mIoU": 0.7701230731859723, "t_Acc": 0.44055327795700694, "t_IoU": 0.357686457469338, "t_mIoU": 0.5943067181633225, "bn_loss": 0.1693926900625229, "s_adv": 0.0, "t_adv": 0.0}