{"s_Acc": 0.01499754808276916, "s_IoU": 0.014997219583807432, "s_mIoU": 0.3900361530103705, "t_Acc": 0.0, "t_IoU": 0.0, "t_mIoU": 0.402338447265625, "bn_loss": 0.16458840668201447, "s_adv": 0.0, "t_adv": 0.0}