{"s_Acc": 0.001865459112821141, "s_IoU": 0.0018654561498865926, "s_mIoU": 0.38227833549428586, "t_Acc": 0.0, "t_IoU": 0.0, "t_mIoU": 0.402338447265625, "bn_loss": 0.15210026502609253, "s_adv": 0.0, "t_adv": 0.0}