{"s_Acc": 0.03977546820981083, "s_IoU": 0.03977189100534967, "s_mIoU": 0.4046893511070778, "t_Acc": 0.0, "t_IoU": 0.0, "t_mIoU": 0.402338447265625, "bn_loss": 0.16894376277923584, "s_adv": 0.0, "t_adv": 0.0}