{"s_Acc": 0.8984611673055811, "s_IoU": 0.7411477749992027, "s_mIoU": 0.823276563139905, "t_Acc": 0.47500715711136887, "t_IoU": 0.39602558781439595, "t_mIoU": 0.6200286346869512, "bn_loss": 0.15246763825416565, "s_adv": 0.4396414377472617, "t_adv": 1.0315317913889885}