{"s_Acc": 0.8957274591555925, "s_IoU": 0.742522631032138, "s_mIoU": 0.8244837434854564, "t_Acc": 0.472729430791908, "t_IoU": 0.39814036976840567, "t_mIoU": 0.6221802193908844, "bn_loss": 0.1451711654663086, "s_adv": 0.4537278352813287, "t_adv": 1.110871621966362}