{"s_Acc": 0.9052161683031851, "s_IoU": 0.7404676056857188, "s_mIoU": 0.8223141962137863, "t_Acc": 0.46216545441582524, "t_IoU": 0.38667473384927553, "t_mIoU": 0.6146410497105448, "bn_loss": 0.15019069612026215, "s_adv": 0.47544094920158386, "t_adv": 1.064825876057148}