{"s_Acc": 0.8955832547594655, "s_IoU": 0.7413209389011621, "s_mIoU": 0.8235980196008479, "t_Acc": 0.4263114012909099, "t_IoU": 0.363037430996652, "t_mIoU": 0.6018347554921862, "bn_loss": 0.15480706095695496, "s_adv": 0.5631689727306366, "t_adv": 1.084007915854454}