{"s_Acc": 0.9034243360506612, "s_IoU": 0.7238153873168738, "s_mIoU": 0.8098716962117076, "t_Acc": 0.4827848347834713, "t_IoU": 0.38981340290390615, "t_mIoU": 0.6134178287589394, "bn_loss": 0.15585124492645264, "s_adv": 0.5457859845323996, "t_adv": 0.9516128331422806}