{"s_Acc": 0.9081191940467574, "s_IoU": 0.7271440993574391, "s_mIoU": 0.8120596053310234, "t_Acc": 0.42777967156383406, "t_IoU": 0.35987951100293863, "t_mIoU": 0.5988544628567933, "bn_loss": 0.15904511511325836, "s_adv": 0.6379264295101166, "t_adv": 1.2164413958787919}