{"s_Acc": 0.895032673168128, "s_IoU": 0.7414000150360905, "s_mIoU": 0.8236936782853508, "t_Acc": 0.4271819040226116, "t_IoU": 0.3662802421947744, "t_mIoU": 0.6043886610666068, "bn_loss": 0.1617477685213089, "s_adv": 0.4082902216098525, "t_adv": 0.8690825030207634}