{"s_Acc": 0.9059761138685518, "s_IoU": 0.7370909326534837, "s_mIoU": 0.8197278711444254, "t_Acc": 0.43583503415764524, "t_IoU": 0.372020772487827, "t_mIoU": 0.6074752820616379, "bn_loss": 0.15569038689136505, "s_adv": 0.4625768221237443, "t_adv": 1.10914106965065}