{"s_Acc": 0.8967050399567439, "s_IoU": 0.7445454356740222, "s_mIoU": 0.8259245692876743, "t_Acc": 0.4392922464310188, "t_IoU": 0.37566143447812805, "t_mIoU": 0.609836687349543, "bn_loss": 0.15278354287147522, "s_adv": 0.39539402994242584, "t_adv": 1.0685690477490426}