{"s_Acc": 0.9099555638625805, "s_IoU": 0.7403909225286877, "s_mIoU": 0.8219366526208143, "t_Acc": 0.45334738323709023, "t_IoU": 0.38170795391185364, "t_mIoU": 0.6121704232207673, "bn_loss": 0.1469482183456421, "s_adv": 0.49448074197227304, "t_adv": 1.1668700978159905}