{"s_Acc": 0.9012304680796851, "s_IoU": 0.74005299985537, "s_mIoU": 0.8222723929552893, "t_Acc": 0.4376171873867249, "t_IoU": 0.37301748061775497, "t_mIoU": 0.6079581430410324, "bn_loss": 0.15362274646759033, "s_adv": 0.41767387769439, "t_adv": 1.018977116048336}