{"s_Acc": 0.8927421324862264, "s_IoU": 0.7498854259335327, "s_mIoU": 0.8301391866410193, "t_Acc": 0.43125333294402113, "t_IoU": 0.36978111516151724, "t_mIoU": 0.606508233565367, "bn_loss": 0.1457000970840454, "s_adv": 0.320017165758393, "t_adv": 1.1228722482919693}