{"s_Acc": 0.9031216677528467, "s_IoU": 0.7460663402720631, "s_mIoU": 0.8266361770457438, "t_Acc": 0.4303594314828705, "t_IoU": 0.36772669432530775, "t_mIoU": 0.6049651270691248, "bn_loss": 0.14570671319961548, "s_adv": 0.36301379007371987, "t_adv": 1.0564915388822556}