{"s_Acc": 0.9040935222958597, "s_IoU": 0.7349749650828588, "s_mIoU": 0.8182658637511797, "t_Acc": 0.45580349986995705, "t_IoU": 0.37075001870715657, "t_mIoU": 0.6024398397814029, "bn_loss": 0.156528502702713, "s_adv": 0.5532067262313582, "t_adv": 0.8317627057433128}