{"s_Acc": 0.8928806106242149, "s_IoU": 0.7501435473045792, "s_mIoU": 0.8303210808797254, "t_Acc": 0.4317967034390033, "t_IoU": 0.37124001619005503, "t_mIoU": 0.6076192622405356, "bn_loss": 0.15024299919605255, "s_adv": 0.4274475391615521, "t_adv": 0.9625010430812836}