{"s_Acc": 0.902763608199837, "s_IoU": 0.741188124081272, "s_mIoU": 0.8230185358617603, "t_Acc": 0.4675183137555631, "t_IoU": 0.39273741414187063, "t_mIoU": 0.6186753013316917, "bn_loss": 0.14658333361148834, "s_adv": 0.386130880903114, "t_adv": 0.9996740788221359}