{"s_Acc": 0.9025335473581572, "s_IoU": 0.7386593535499177, "s_mIoU": 0.8211404715533807, "t_Acc": 0.4385093389428954, "t_IoU": 0.3717800905150384, "t_mIoU": 0.6067464003548537, "bn_loss": 0.15720491111278534, "s_adv": 0.41904535686427896, "t_adv": 1.0382940128445626}