{"s_Acc": 0.8960635867656668, "s_IoU": 0.7462975388702544, "s_mIoU": 0.8272682958373958, "t_Acc": 0.4049265624876569, "t_IoU": 0.35489600488819617, "t_mIoU": 0.5993909697896612, "bn_loss": 0.15069110691547394, "s_adv": 0.4142348265106028, "t_adv": 1.1374358490109444}