{"s_Acc": 0.9066689536767798, "s_IoU": 0.739870423367309, "s_mIoU": 0.8217682921461273, "t_Acc": 0.41828658703832383, "t_IoU": 0.3568645873176319, "t_mIoU": 0.5982621912316188, "bn_loss": 0.15638206899166107, "s_adv": 0.5827157944440842, "t_adv": 1.255826860666275}