{"s_Acc": 0.8940400469044166, "s_IoU": 0.7495239910607618, "s_mIoU": 0.829789259271339, "t_Acc": 0.4225969529854529, "t_IoU": 0.36230519672155814, "t_mIoU": 0.6019749574030036, "bn_loss": 0.14977887272834778, "s_adv": 0.34736910699443385, "t_adv": 0.979847677052021}