{"s_Acc": 0.8889499273906726, "s_IoU": 0.7407049933494606, "s_mIoU": 0.8235818986207495, "t_Acc": 0.4298984565138113, "t_IoU": 0.360948570753079, "t_mIoU": 0.5993277705913489, "bn_loss": 0.15334148705005646, "s_adv": 0.5269194739786062, "t_adv": 1.0429902717471122}