{"s_Acc": 0.900326392971239, "s_IoU": 0.7367602696837615, "s_mIoU": 0.8198669649594361, "t_Acc": 0.41533614724720447, "t_IoU": 0.3562979501180451, "t_mIoU": 0.598397565530734, "bn_loss": 0.15936096012592316, "s_adv": 0.46614804660732095, "t_adv": 0.9851981043815613}