{"s_Acc": 0.8952811104329841, "s_IoU": 0.748832769760834, "s_mIoU": 0.8291983595172497, "t_Acc": 0.3849018998268394, "t_IoU": 0.337310318547459, "t_mIoU": 0.5888010705167395, "bn_loss": 0.154457226395607, "s_adv": 0.3221984316002239, "t_adv": 0.8544303104281425}