{"s_Acc": 0.9056127023226415, "s_IoU": 0.7321528114501928, "s_mIoU": 0.8160320251219555, "t_Acc": 0.4571610761535649, "t_IoU": 0.38191838038890547, "t_mIoU": 0.6116195913886586, "bn_loss": 0.1569356620311737, "s_adv": 0.67251502383839, "t_adv": 1.1515477627515793}