{"s_Acc": 0.8935591160738349, "s_IoU": 0.7386465113147852, "s_mIoU": 0.8217389420829071, "t_Acc": 0.44638936105769456, "t_IoU": 0.3815647121173833, "t_mIoU": 0.6133748270141874, "bn_loss": 0.15654125809669495, "s_adv": 0.524516685442491, "t_adv": 1.1535596638917922}