{"s_Acc": 0.8929291902520823, "s_IoU": 0.7417716952172994, "s_mIoU": 0.824110487953888, "t_Acc": 0.42971641639858954, "t_IoU": 0.37287537851875097, "t_mIoU": 0.6093883826670601, "bn_loss": 0.15071791410446167, "s_adv": 0.5643953288143332, "t_adv": 1.1994541227817535}