{"s_Acc": 0.8918787774356536, "s_IoU": 0.7456402647368777, "s_mIoU": 0.827052957876107, "t_Acc": 0.4142228077015418, "t_IoU": 0.35989098285409515, "t_mIoU": 0.6016599987727025, "bn_loss": 0.1514090746641159, "s_adv": 0.355649127878926, "t_adv": 0.8684968203306198}