{"s_Acc": 0.8963941378236978, "s_IoU": 0.7467563368962907, "s_mIoU": 0.8275873594448242, "t_Acc": 0.4232948650888257, "t_IoU": 0.3632879961937468, "t_mIoU": 0.602660310644232, "bn_loss": 0.15115943551063538, "s_adv": 0.484181828119538, "t_adv": 1.0437289267778396}