{"s_Acc": 0.9029085985529633, "s_IoU": 0.7375739027445553, "s_mIoU": 0.8203007585877822, "t_Acc": 0.44550110928976555, "t_IoU": 0.37712492643624695, "t_mIoU": 0.6098533036627194, "bn_loss": 0.15221531689167023, "s_adv": 0.4857048669999296, "t_adv": 0.9290108636021615}