{"s_Acc": 0.8918302726608338, "s_IoU": 0.7445084571940045, "s_mIoU": 0.826216697507163, "t_Acc": 0.35617395975398536, "t_IoU": 0.3202011102162032, "t_mIoU": 0.5807300330002251, "bn_loss": 0.15925873816013336, "s_adv": 0.37440657209266315, "t_adv": 0.9257553532719612}