{"s_Acc": 0.9062274329757392, "s_IoU": 0.7330421227446969, "s_mIoU": 0.8166602741774884, "t_Acc": 0.44148487737115877, "t_IoU": 0.37637066183432905, "t_mIoU": 0.6100019619051273, "bn_loss": 0.1568720042705536, "s_adv": 0.5192140198566697, "t_adv": 1.091711151599884}