{"s_Acc": 0.9062497017573886, "s_IoU": 0.7304326025549226, "s_mIoU": 0.8146866696696531, "t_Acc": 0.4783021781917242, "t_IoU": 0.3910029092157837, "t_mIoU": 0.615249292878708, "bn_loss": 0.1557624638080597, "s_adv": 0.5069930336692117, "t_adv": 0.9900635704398155}