{"s_Acc": 0.8959096514733569, "s_IoU": 0.740876449741934, "s_mIoU": 0.8232447925296871, "t_Acc": 0.4677092033902559, "t_IoU": 0.3904144280221534, "t_mIoU": 0.6167173024080113, "bn_loss": 0.1518048793077469, "s_adv": 0.373147994957187, "t_adv": 0.9260190322995185}