{"s_Acc": 0.8993337667075277, "s_IoU": 0.7406234038232913, "s_mIoU": 0.8228264573558086, "t_Acc": 0.4348766361986544, "t_IoU": 0.3680976493351795, "t_mIoU": 0.6043727836185171, "bn_loss": 0.15861088037490845, "s_adv": 0.5855785222216086, "t_adv": 1.038862334191799}