{"s_Acc": 0.9027470656763259, "s_IoU": 0.7393974376993583, "s_mIoU": 0.8216791269144166, "t_Acc": 0.4097136525486666, "t_IoU": 0.35942287901185876, "t_mIoU": 0.6021948836932733, "bn_loss": 0.15317457914352417, "s_adv": 0.504751090976325, "t_adv": 1.0385974615812301}