{"s_Acc": 0.9002443540311117, "s_IoU": 0.7476314476429758, "s_mIoU": 0.8279876327364886, "t_Acc": 0.42664098339460166, "t_IoU": 0.3658378618182803, "t_mIoU": 0.6041261943953021, "bn_loss": 0.14520451426506042, "s_adv": 0.5009007420052182, "t_adv": 1.0240426898002624}