{"s_Acc": 0.9056275232260586, "s_IoU": 0.730580204219649, "s_mIoU": 0.8148424899256355, "t_Acc": 0.42968906788361394, "t_IoU": 0.36759651129582416, "t_mIoU": 0.6049900765929646, "bn_loss": 0.15428321063518524, "s_adv": 0.5706564262509346, "t_adv": 1.2563750207424165}