{"Acc": 0.8074622783776444, "IoU": 0.6956943917823321, "mIoU": 0.814873048336805}