{"Acc": 0.796626159350462, "IoU": 0.6909753100100288, "mIoU": 0.8122930682261207}