{"Acc": 0.8063262802368423, "IoU": 0.6899925011742667, "mIoU": 0.811181482472447}