{"Acc": 0.8075555553349058, "IoU": 0.6114773854430883, "mIoU": 0.7462952804547279}