{"Acc": 0.8029875095134524, "IoU": 0.6087029139362905, "mIoU": 0.7446140974724555}