{"Acc": 0.623825507520654, "IoU": 0.3741147750163359, "mIoU": 0.5710880746490224}