{"Acc": 0.7972307351658406, "IoU": 0.5976350268797695, "mIoU": 0.7367840722042044}