{"Acc": 0.8137636632538217, "IoU": 0.5716918144659007, "mIoU": 0.7151143434610486}