{"Acc": 0.8038363105329867, "IoU": 0.6085726776214254, "mIoU": 0.74444137134809}