{"Acc": 0.7924911617358892, "IoU": 0.5349469723850503, "mIoU": 0.6879366410089044}