{"Acc": 0.8036778895203334, "IoU": 0.6346469238977149, "mIoU": 0.7637724094915923}