{"Acc": 0.8083792353790711, "IoU": 0.637925308436485, "mIoU": 0.7657981463936288}