{"Acc": 0.820608086471759, "IoU": 0.5675980599135145, "mIoU": 0.7111560993908187}