{"Acc": 0.179716351421594, "IoU": 0.1139546181997948, "mIoU": 0.41565091521488884}