{"Acc": 0.8008419994906301, "IoU": 0.6410692048226287, "mIoU": 0.7686697633737398}