{"Acc": 0.7880892320875282, "IoU": 0.6473776210372357, "mIoU": 0.7741815847748296}