{"Acc": 0.8181041805572586, "IoU": 0.5919661144263174, "mIoU": 0.730494385870179}