{"Acc": 0.8002785151617001, "IoU": 0.5754032581485752, "mIoU": 0.7194034262394489}