{"Acc": 0.8024727281031727, "IoU": 0.5778371469589573, "mIoU": 0.7210780645526669}