{"Acc": 0.7795322136792151, "IoU": 0.4879625147355238, "mIoU": 0.6498282875180452}