{"Acc": 0.8345702848649103, "IoU": 0.6189110305754333, "mIoU": 0.7495477089781107}