{"s_Acc": 0.9016238208446201, "s_IoU": 0.7415580279180136, "s_mIoU": 0.8233714431694452, "t_Acc": 0.4114571578763273, "t_IoU": 0.3532703041383879, "t_mIoU": 0.5966426257543993, "bn_loss": 0.14738896489143372, "s_adv": 0.36912083524194633, "t_adv": 0.9047883212566376}