{"s_Acc": 0.9087176067354868, "s_IoU": 0.7267756890131137, "s_mIoU": 0.8117363481166253, "t_Acc": 0.42999380133658743, "t_IoU": 0.3608994245310509, "t_mIoU": 0.5992662544198321, "bn_loss": 0.15831506252288818, "s_adv": 0.626469686627388, "t_adv": 1.1789416328072548}