{"s_Acc": 0.8988030960268414, "s_IoU": 0.7436914483744202, "s_mIoU": 0.8251507859958811, "t_Acc": 0.42759933135630734, "t_IoU": 0.36861772625025807, "t_mIoU": 0.6062622910191277, "bn_loss": 0.14212630689144135, "s_adv": 0.29091107608242467, "t_adv": 0.8476310700178147}