{"s_Acc": 0.9146298372705974, "s_IoU": 0.730341508753081, "s_mIoU": 0.8140207564876041, "t_Acc": 0.5399630800047558, "t_IoU": 0.4137075181520559, "t_mIoU": 0.6233103169210411, "bn_loss": 0.14122271537780762, "s_adv": 0.27422647787766025, "t_adv": 0.7571433842182159}