{"s_Acc": 0.8888078937329249, "s_IoU": 0.7423064483777476, "s_mIoU": 0.8247811605846713, "t_Acc": 0.3564203463751918, "t_IoU": 0.32099379922381105, "t_mIoU": 0.5813559050075127, "bn_loss": 0.15907298028469086, "s_adv": 0.5229717100208456, "t_adv": 0.8909644529223442}