{"s_Acc": 0.9088337038122545, "s_IoU": 0.735550656625661, "s_mIoU": 0.8183710460983945, "t_Acc": 0.5063215067421839, "t_IoU": 0.4027216833743936, "t_mIoU": 0.6199753565258788, "bn_loss": 0.1412893384695053, "s_adv": 0.26872851665724407, "t_adv": 0.8203648090362549}