{"s_Acc": 0.8909796800548703, "s_IoU": 0.7467172468228269, "s_mIoU": 0.8279091313104421, "t_Acc": 0.4387461760826387, "t_IoU": 0.37516140289690064, "t_mIoU": 0.6095264347279516, "bn_loss": 0.14486441016197205, "s_adv": 0.26102001863447105, "t_adv": 0.8382176756858826}