{"s_Acc": 0.901236119484776, "s_IoU": 0.7442590940696723, "s_mIoU": 0.8254132668421913, "t_Acc": 0.40429424682239756, "t_IoU": 0.3514346966100558, "t_mIoU": 0.5966029471231675, "bn_loss": 0.14562244713306427, "s_adv": 0.24452863430435007, "t_adv": 0.7302132651209832}