{"s_Acc": 0.9179963530846698, "s_IoU": 0.7198690897483679, "s_mIoU": 0.8057714179243795, "t_Acc": 0.4611780580314489, "t_IoU": 0.3775995717728697, "t_mIoU": 0.6072116831726204, "bn_loss": 0.15883778035640717, "s_adv": 0.7141478684815493, "t_adv": 1.6211336940526961}