{"s_Acc": 0.8993858270021067, "s_IoU": 0.7375709749222811, "s_mIoU": 0.8205390411205744, "t_Acc": 0.4791526820093669, "t_IoU": 0.3884792776169401, "t_mIoU": 0.6129723101138702, "bn_loss": 0.14667674899101257, "s_adv": 0.47124917669729754, "t_adv": 1.1571987643837929}