{"s_Acc": 0.9071381700054182, "s_IoU": 0.7304338774776729, "s_mIoU": 0.8146245142869356, "t_Acc": 0.4393643925134865, "t_IoU": 0.37304635730102825, "t_mIoU": 0.6076392645980401, "bn_loss": 0.15573009848594666, "s_adv": 0.5457843386314132, "t_adv": 0.7615285351872444}