{"s_Acc": 0.8954342223417708, "s_IoU": 0.7385543043431769, "s_mIoU": 0.8215432636634199, "t_Acc": 0.433697250239312, "t_IoU": 0.3685952998576978, "t_mIoU": 0.6050274210018144, "bn_loss": 0.15473322570323944, "s_adv": 0.691408868540417, "t_adv": 0.9080329373478889}