{"s_Acc": 0.90711601350334, "s_IoU": 0.7302954757009245, "s_mIoU": 0.8145213206858378, "t_Acc": 0.5073371515926686, "t_IoU": 0.39048564855778284, "t_mIoU": 0.6093968383627709, "bn_loss": 0.13745658099651337, "s_adv": 0.28565255857326766, "t_adv": 0.9050052836537361}