{"s_Acc": 0.8920267244841587, "s_IoU": 0.7518567177957404, "s_mIoU": 0.8316395608570278, "t_Acc": 0.419178288618928, "t_IoU": 0.35954432331153213, "t_mIoU": 0.6003471417876008, "bn_loss": 0.13755515217781067, "s_adv": 0.27543180910023773, "t_adv": 0.8919540882110596}