{"s_Acc": 0.9037113226350114, "s_IoU": 0.7327104223981389, "s_mIoU": 0.8165863801452953, "t_Acc": 0.44151107594857597, "t_IoU": 0.3766301502323662, "t_mIoU": 0.6102130098223093, "bn_loss": 0.15623392164707184, "s_adv": 0.4956913021477786, "t_adv": 0.7598527878522873}