{"s_Acc": 0.8956251350395761, "s_IoU": 0.7449907084063425, "s_mIoU": 0.8263263553527064, "t_Acc": 0.4581276736673199, "t_IoU": 0.38783765983876406, "t_mIoU": 0.6163586718751715, "bn_loss": 0.14165592193603516, "s_adv": 0.33419340205463494, "t_adv": 0.8230925157666207}