{"s_Acc": 0.8989718896490922, "s_IoU": 0.7399069601070312, "s_mIoU": 0.8223153432476286, "t_Acc": 0.4742765967807948, "t_IoU": 0.39473815727936457, "t_mIoU": 0.6190967011852433, "bn_loss": 0.1420873999595642, "s_adv": 0.3393662209537896, "t_adv": 0.8860382631421089}