{"s_Acc": 0.8952428230991565, "s_IoU": 0.7399276386954649, "s_mIoU": 0.8225816622938373, "t_Acc": 0.4893124303350328, "t_IoU": 0.404519728147704, "t_mIoU": 0.6244804768546192, "bn_loss": 0.1413983255624771, "s_adv": 0.3659687695855444, "t_adv": 0.9773717075586319}