{"s_Acc": 0.8943938024071917, "s_IoU": 0.7373073526502949, "s_mIoU": 0.8206818634403094, "t_Acc": 0.4284142371069251, "t_IoU": 0.366264879170098, "t_mIoU": 0.604127822253403, "bn_loss": 0.1558689922094345, "s_adv": 0.44795289635658264, "t_adv": 0.6134380593895912}