{"s_Acc": 0.8964815287567257, "s_IoU": 0.7461090398931225, "s_mIoU": 0.8271011511663515, "t_Acc": 0.4209196940606125, "t_IoU": 0.36028085543032967, "t_mIoU": 0.6006105636995631, "bn_loss": 0.1447596549987793, "s_adv": 0.271489642560482, "t_adv": 0.7918597891926765}