{"s_Acc": 0.8934819425817991, "s_IoU": 0.7459828245243856, "s_mIoU": 0.827202659524817, "t_Acc": 0.46040280012795304, "t_IoU": 0.3832400691754835, "t_mIoU": 0.6121083897204297, "bn_loss": 0.14287540316581726, "s_adv": 0.24527923864397136, "t_adv": 0.8356719270348549}