{"s_Acc": 0.9052863056087501, "s_IoU": 0.7370328509468436, "s_mIoU": 0.8197315459893357, "t_Acc": 0.51349331731287, "t_IoU": 0.4081037394229699, "t_mIoU": 0.6232103764216428, "bn_loss": 0.13983383774757385, "s_adv": 0.3075468492778865, "t_adv": 0.9122677609324455}