{"s_Acc": 0.9011089067304454, "s_IoU": 0.7426732385268776, "s_mIoU": 0.8242387337227833, "t_Acc": 0.4353159123459596, "t_IoU": 0.37038936697078717, "t_mIoU": 0.6062116965754245, "bn_loss": 0.1413930207490921, "s_adv": 0.3082872751084241, "t_adv": 0.8224377870559693}