{"s_Acc": 0.896000747632239, "s_IoU": 0.746076270601718, "s_mIoU": 0.8271081185282054, "t_Acc": 0.4569726863831294, "t_IoU": 0.37500384647734475, "t_mIoU": 0.605832440968397, "bn_loss": 0.13883693516254425, "s_adv": 0.2985127100890333, "t_adv": 0.8146939545869827}