{"s_Acc": 0.9096584721168094, "s_IoU": 0.7259196441494182, "s_mIoU": 0.8110169064284687, "t_Acc": 0.4904698674861955, "t_IoU": 0.3996220143521136, "t_mIoU": 0.6202231420842602, "bn_loss": 0.15242083370685577, "s_adv": 0.608879568901929, "t_adv": 1.2992767244577408}