{"s_Acc": 0.8979880211919458, "s_IoU": 0.7442034542955247, "s_mIoU": 0.8255857909150517, "t_Acc": 0.4359355786980767, "t_IoU": 0.3706243797996783, "t_mIoU": 0.6062859773289941, "bn_loss": 0.1403551697731018, "s_adv": 0.2798513333228501, "t_adv": 0.7910611867904663}