{"s_Acc": 0.8997581460606768, "s_IoU": 0.7379601128078206, "s_mIoU": 0.8208052138020829, "t_Acc": 0.5017664040842582, "t_IoU": 0.4095921608716832, "t_mIoU": 0.626485163254759, "bn_loss": 0.1427796483039856, "s_adv": 0.3608134057034146, "t_adv": 0.7627140864729881}