{"s_Acc": 0.9051011191690833, "s_IoU": 0.7375635608909096, "s_mIoU": 0.8201430617863377, "t_Acc": 0.42323366841180526, "t_IoU": 0.3587718421972885, "t_mIoU": 0.5988534176566582, "bn_loss": 0.15129603445529938, "s_adv": 0.35146025161851535, "t_adv": 0.964778208732605}