{"s_Acc": 0.8973706332556596, "s_IoU": 0.7442109388366045, "s_mIoU": 0.8256319896901938, "t_Acc": 0.4233980094880848, "t_IoU": 0.36251577580307515, "t_mIoU": 0.6019889029659068, "bn_loss": 0.14453311264514923, "s_adv": 0.25230572203343565, "t_adv": 0.737764872610569}