{"s_Acc": 0.8935734130059191, "s_IoU": 0.7474195289348975, "s_mIoU": 0.8282616046465201, "t_Acc": 0.4643654349568818, "t_IoU": 0.38516925041726474, "t_mIoU": 0.6129721895131847, "bn_loss": 0.1375245600938797, "s_adv": 0.23463500968434595, "t_adv": 0.8588353201746941}