{"s_Acc": 0.8923667444527061, "s_IoU": 0.7394122173825335, "s_mIoU": 0.8223905658266539, "t_Acc": 0.4906869057010204, "t_IoU": 0.40529916294034235, "t_mIoU": 0.6248805226987054, "bn_loss": 0.15089848637580872, "s_adv": 0.4925495846705003, "t_adv": 0.8203576058149338}