{"s_Acc": 0.9068279041232764, "s_IoU": 0.7341850198639657, "s_mIoU": 0.8174806246941657, "t_Acc": 0.4411698444774449, "t_IoU": 0.37215764505590015, "t_mIoU": 0.6065383780017374, "bn_loss": 0.1491761952638626, "s_adv": 0.41241116415370593, "t_adv": 0.8105317875742912}