{"s_Acc": 0.8879883277151754, "s_IoU": 0.7497256724745167, "s_mIoU": 0.8303236367474333, "t_Acc": 0.41608710647011865, "t_IoU": 0.3592784275558835, "t_mIoU": 0.6007606736045028, "bn_loss": 0.14213871955871582, "s_adv": 0.235430199991573, "t_adv": 0.7391243040561676}