{"s_Acc": 0.8919025058517306, "s_IoU": 0.7455205125163364, "s_mIoU": 0.8269626342990117, "t_Acc": 0.40919633063924626, "t_IoU": 0.3572753575865624, "t_mIoU": 0.6005011256742653, "bn_loss": 0.1457061618566513, "s_adv": 0.29843346774578094, "t_adv": 0.7322786718606948}