{"s_Acc": 0.8931158737527003, "s_IoU": 0.7404427735573785, "s_mIoU": 0.8231084298153739, "t_Acc": 0.469359563775687, "t_IoU": 0.3909388824547013, "t_mIoU": 0.6168480214944614, "bn_loss": 0.14971907436847687, "s_adv": 0.569317418065938, "t_adv": 0.8849360153079033}