{"s_Acc": 0.8987666051661553, "s_IoU": 0.7417885558557856, "s_mIoU": 0.8237344248385488, "t_Acc": 0.49407427176704305, "t_IoU": 0.4044126635310909, "t_mIoU": 0.6235542183352238, "bn_loss": 0.13857188820838928, "s_adv": 0.2952373024414886, "t_adv": 0.9579687356948853}