{"s_Acc": 0.8985863590276275, "s_IoU": 0.7427882071224656, "s_mIoU": 0.8244920069119177, "t_Acc": 0.4474150553624938, "t_IoU": 0.37931154481599033, "t_mIoU": 0.611307966478499, "bn_loss": 0.14198751747608185, "s_adv": 0.39076555520296097, "t_adv": 0.9013080388307572}