{"s_Acc": 0.8927034334606372, "s_IoU": 0.7456027255141622, "s_mIoU": 0.8269714326675552, "t_Acc": 0.42667318164623663, "t_IoU": 0.363585133458699, "t_mIoU": 0.6022234608608212, "bn_loss": 0.14642837643623352, "s_adv": 0.32301990586248314, "t_adv": 0.789784987270832}