{"s_Acc": 0.8962412130475299, "s_IoU": 0.7402258047514854, "s_mIoU": 0.8227371272412156, "t_Acc": 0.479034688416419, "t_IoU": 0.39627543327517617, "t_mIoU": 0.6195062529595348, "bn_loss": 0.14862656593322754, "s_adv": 0.3921922025355426, "t_adv": 0.9204021960496902}