{"s_Acc": 0.8980568111426546, "s_IoU": 0.7397278631510681, "s_mIoU": 0.8222431251984248, "t_Acc": 0.4330496354047975, "t_IoU": 0.3737494829988891, "t_mIoU": 0.609462332129326, "bn_loss": 0.15516339242458344, "s_adv": 0.49381927197629755, "t_adv": 0.8182389304041863}