{"s_Acc": 0.9010287391165073, "s_IoU": 0.7367970228687195, "s_mIoU": 0.8198464110180752, "t_Acc": 0.43360545522378136, "t_IoU": 0.36918961148116525, "t_mIoU": 0.6055449609886413, "bn_loss": 0.15631765127182007, "s_adv": 0.4597044932571324, "t_adv": 0.7101559802889824}