{"s_Acc": 0.9025527471648566, "s_IoU": 0.7390194870829312, "s_mIoU": 0.8214090930516519, "t_Acc": 0.4345108060632308, "t_IoU": 0.36731650759612955, "t_mIoU": 0.60378755748989, "bn_loss": 0.15002208948135376, "s_adv": 0.4726521894335747, "t_adv": 0.8389200210571289}