{"s_Acc": 0.9008005870275402, "s_IoU": 0.745678706814448, "s_mIoU": 0.8264993357862044, "t_Acc": 0.4389585645499449, "t_IoU": 0.3634478809952728, "t_mIoU": 0.5996002106060846, "bn_loss": 0.1423460841178894, "s_adv": 0.3563566959717057, "t_adv": 0.888956505060196}