{"s_Acc": 0.8934351594270733, "s_IoU": 0.7477511750159876, "s_mIoU": 0.8285161405099786, "t_Acc": 0.4658305054035566, "t_IoU": 0.3882082008367643, "t_mIoU": 0.6152325057221971, "bn_loss": 0.13767990469932556, "s_adv": 0.22721377556974237, "t_adv": 0.8397920981049538}