{"s_Acc": 0.9023139659431358, "s_IoU": 0.7374993132482459, "s_mIoU": 0.8202854205260016, "t_Acc": 0.46933141530414896, "t_IoU": 0.3889356458318806, "t_mIoU": 0.6151867714415754, "bn_loss": 0.14579439163208008, "s_adv": 0.35740790888667107, "t_adv": 0.9167688846588135}