{"s_Acc": 0.9036868960057611, "s_IoU": 0.7421924927433299, "s_mIoU": 0.8235960981682652, "t_Acc": 0.6874058844395281, "t_IoU": 0.5708817626212538, "t_mIoU": 0.7193309273033668}