{"s_Acc": 0.8989889516713003, "s_IoU": 0.7402027131727188, "s_mIoU": 0.8224232244662377, "t_Acc": 0.6966659867410685, "t_IoU": 0.5755778748543776, "t_mIoU": 0.7219061980991506}