{"Acc": 0.8186216384694744, "IoU": 0.6963475930221891, "mIoU": 0.8147773990920373}