{"Acc": 0.8099647484272894, "IoU": 0.6939874794620162, "mIoU": 0.8136344700098241}