{"Acc": 0.8298830858456805, "IoU": 0.7090985098781621, "mIoU": 0.8103794914195552}