{"Acc": 0.8301894425004024, "IoU": 0.5682133654361781, "mIoU": 0.7022529915289113}