{"Acc": 0.8355620927364589, "IoU": 0.7043649894866041, "mIoU": 0.8066159544447841}