{"Acc": 0.8126190570147599, "IoU": 0.5236902961852556, "mIoU": 0.6663833600090296}