{"Acc": 0.8370698026031932, "IoU": 0.7139673813880796, "mIoU": 0.8133945530776823}