{"Acc": 0.617150828985719, "IoU": 0.3919003082792975, "mIoU": 0.5782099285810484}