{"Acc": 0.6978373891068949, "IoU": 0.4323867172725849, "mIoU": 0.6012795239017342}