{"Acc": 0.7983650707566247, "IoU": 0.6075389812250033, "mIoU": 0.7374020007330333}