{"Acc": 0.8457892577878576, "IoU": 0.7179048332664328, "mIoU": 0.815655607904623}