{"Acc": 0.8261963346761082, "IoU": 0.6655723020268576, "mIoU": 0.7789785299448153}