{"Acc": 0.6815445037962312, "IoU": 0.4336909504739778, "mIoU": 0.6056636895185994}