{"Acc": 0.8532975252166284, "IoU": 0.7009134673452739, "mIoU": 0.8029288655410222}