{"Acc": 0.8346696963193672, "IoU": 0.7135178718487415, "mIoU": 0.8132262114470492}