{"Acc": 0.8402940648899124, "IoU": 0.7162408843999492, "mIoU": 0.8148126950441307}