{"Acc": 0.8505095204664022, "IoU": 0.6602797889522882, "mIoU": 0.7730614706786092}