{"Acc": 0.784828298680687, "IoU": 0.5166222715486218, "mIoU": 0.6641418654925525}