{"Acc": 0.8179138622371079, "IoU": 0.5878010309739509, "mIoU": 0.7197172067695845}