{"Acc": 0.7514342028420311, "IoU": 0.4659087952975443, "mIoU": 0.6234270227798815}