{"Acc": 0.833339149746726, "IoU": 0.6283988221256661, "mIoU": 0.7502079643043207}