{"Acc": 0.7497406625472074, "IoU": 0.46285979882132133, "mIoU": 0.6208491657270847}