{"Acc": 0.5939796000075209, "IoU": 0.3982253278080368, "mIoU": 0.5893781133207054}