{"Acc": 0.7731346899331929, "IoU": 0.4884586466421685, "mIoU": 0.6407082952295621}