{"Acc": 0.4826675450305811, "IoU": 0.31896999043913254, "mIoU": 0.5368345330376061}