{"Acc": 0.8536337569515943, "IoU": 0.7026950443005273, "mIoU": 0.8041998389586784}