{"Acc": 0.7559834222843653, "IoU": 0.4808097772381928, "mIoU": 0.6364881753265524}