{"Acc": 0.1508479295976842, "IoU": 0.12664866579734885, "mIoU": 0.44858361528153556}