{"Acc": 0.8374330793338327, "IoU": 0.6950410727825559, "mIoU": 0.7997564560598536}