{"Acc": 0.6147394731157266, "IoU": 0.38563064042045303, "mIoU": 0.5724708774055547}