{"Acc": 0.832824941068353, "IoU": 0.7157990186532861, "mIoU": 0.8149667672262016}