{"Acc": 0.23283857500076988, "IoU": 0.1849005390346987, "mIoU": 0.4771462320943019}