{"Acc": 0.8340314061206203, "IoU": 0.6911563844491657, "mIoU": 0.7971741958394156}