{"Acc": 0.8250419962440179, "IoU": 0.6744456709712935, "mIoU": 0.7856196930358272}