{"Acc": 0.8341596089516494, "IoU": 0.7154479618538262, "mIoU": 0.814633257926084}