{"Acc": 0.8045441359029252, "IoU": 0.49811093349000046, "mIoU": 0.6445703970781221}