{"Acc": 0.8204040005863228, "IoU": 0.6165827451962034, "mIoU": 0.7422661365326381}