{"Acc": 0.8226802376061177, "IoU": 0.6451828931099233, "mIoU": 0.764003182229771}