{"Acc": 0.6841250987235205, "IoU": 0.41858811652585226, "mIoU": 0.5905043175334403}