{"Acc": 0.5921885809872831, "IoU": 0.39366151783866876, "mIoU": 0.5853682316280722}