{"Acc": 0.8394558645923397, "IoU": 0.6729612245082297, "mIoU": 0.7834219916944318}