{"Acc": 0.6784856068885532, "IoU": 0.44289130187846315, "mIoU": 0.6149043713393617}