{"Acc": 0.8484815703035546, "IoU": 0.658840204874051, "mIoU": 0.7721418342777833}