{"Acc": 0.8029899065210685, "IoU": 0.5523712990542234, "mIoU": 0.69234673581562}