{"Acc": 0.5252605300681186, "IoU": 0.3605570829920814, "mIoU": 0.5682747455107724}