{"Acc": 0.8376091282821264, "IoU": 0.6768826761402212, "mIoU": 0.7864622626035321}