{"Acc": 0.11298168105714554, "IoU": 0.09581694373599114, "mIoU": 0.43128147807055073}