{"Acc": 0.8222855823128064, "IoU": 0.5352664789306474, "mIoU": 0.6751910760810311}