{"Acc": 0.8402176526065176, "IoU": 0.6939277734200184, "mIoU": 0.7987539675809063}