{"Acc": 0.19049339924340872, "IoU": 0.1562737116838307, "mIoU": 0.4636908854688524}