{"Acc": 0.7639930745708005, "IoU": 0.4829598642392872, "mIoU": 0.6371499630973184}