{"Acc": 0.8359644246341669, "IoU": 0.7080086106283519, "mIoU": 0.8092047263377629}