{"Acc": 0.8181065025561943, "IoU": 0.6790549095570056, "mIoU": 0.7895148582328404}