{"Acc": 0.8326443286086899, "IoU": 0.6488835218712325, "mIoU": 0.7659460455687468}