{"Acc": 0.819892462800263, "IoU": 0.6807957502257425, "mIoU": 0.7906524519189723}