{"Acc": 0.814980125819546, "IoU": 0.6870491435698937, "mIoU": 0.7955481359939229}