{"Acc": 0.7028268666930738, "IoU": 0.5552516093692743, "mIoU": 0.7260756944819079}