{"Acc": 0.7127311398308104, "IoU": 0.5565564584514034, "mIoU": 0.7261827544937394}