{"Acc": 0.7192839135087802, "IoU": 0.5682361029083035, "mIoU": 0.7339201618014624}