{"Acc": 0.7499003313301161, "IoU": 0.6026291270190123, "mIoU": 0.755640834444933}