{"Acc": 0.7495417809138188, "IoU": 0.6188742733727299, "mIoU": 0.7668037403900494}