{"Acc": 0.6994959108560849, "IoU": 0.5379940200255819, "mIoU": 0.7140242986109775}