{"Acc": 0.7424876144424236, "IoU": 0.6040928935732237, "mIoU": 0.7571614198497747}