{"Acc": 0.7036569574509473, "IoU": 0.5360016235671531, "mIoU": 0.7122136773243888}