{"Acc": 0.7593773613128916, "IoU": 0.6416598767729217, "mIoU": 0.7815901900037694}