{"Acc": 0.751166974072022, "IoU": 0.6303464077322606, "mIoU": 0.7744754180643036}