{"Acc": 0.6968489934587822, "IoU": 0.5293639855488059, "mIoU": 0.7080122914967482}