{"Acc": 0.742205460623332, "IoU": 0.5928757747778263, "mIoU": 0.7494281867122528}