{"Acc": 0.7476559405416198, "IoU": 0.6157031478408258, "mIoU": 0.7647657673163321}