{"Acc": 0.7450186529674943, "IoU": 0.6130875777132545, "mIoU": 0.7631544690812635}