{"Acc": 0.767625625858258, "IoU": 0.6438577493365958, "mIoU": 0.7825807112669341}