{"Acc": 0.692703996569215, "IoU": 0.5315990395726704, "mIoU": 0.7100124480311589}