{"Acc": 0.7188030643381326, "IoU": 0.5560440941159176, "mIoU": 0.7253148676301322}