{"Acc": 0.6955268187365543, "IoU": 0.5330356703567035, "mIoU": 0.7107969816222692}