{"Acc": 0.7831530737432599, "IoU": 0.6496099848978314, "mIoU": 0.7855460349623042}