{"Acc": 0.7342178432919615, "IoU": 0.6088335666375735, "mIoU": 0.7609709061881731}