{"Acc": 0.7510042300603277, "IoU": 0.6232026739204324, "mIoU": 0.7696518672566863}