{"Acc": 0.7397331640196423, "IoU": 0.5851295533071843, "mIoU": 0.7442101947541471}