{"Acc": 0.7398663765735933, "IoU": 0.6033722977561121, "mIoU": 0.7568463440544264}