{"Acc": 0.756630293754546, "IoU": 0.6133364384210369, "mIoU": 0.7625543152299992}