{"Acc": 0.7371417786026613, "IoU": 0.5864259369869583, "mIoU": 0.7453074259588448}