{"Acc": 0.7270542178304522, "IoU": 0.5516823451068994, "mIoU": 0.7214971846732074}