{"Acc": 0.7422375600339226, "IoU": 0.6098396826514565, "mIoU": 0.7611199518085645}