{"Acc": 0.7608908485222394, "IoU": 0.5832290104283537, "mIoU": 0.7412898981829854}