{"Acc": 0.7182496704995502, "IoU": 0.5355701783990092, "mIoU": 0.7105892738144248}