{"Acc": 0.7509814394788082, "IoU": 0.5979832322828014, "mIoU": 0.7523484391587684}