{"Acc": 0.766609037524853, "IoU": 0.6408345488677015, "mIoU": 0.780608190724263}