{"Acc": 0.7633885036602958, "IoU": 0.6362941699457483, "mIoU": 0.7777417751721805}