{"Acc": 0.7042418087119084, "IoU": 0.553887619843958, "mIoU": 0.7249904474147315}