{"Acc": 0.7405038708679231, "IoU": 0.6054821018704553, "mIoU": 0.7582516525468213}