{"Acc": 0.7613049309188584, "IoU": 0.6370671771706514, "mIoU": 0.7783884817444049}