{"Acc": 0.7456827897726142, "IoU": 0.6100817936027922, "mIoU": 0.7610545042299386}