{"Acc": 0.7861180962995158, "IoU": 0.6504425060807735, "mIoU": 0.7859359606913798}