{"Acc": 0.7883088810723258, "IoU": 0.6487721115032652, "mIoU": 0.7846849395896074}