{"Acc": 0.7428891780689123, "IoU": 0.6038816544455514, "mIoU": 0.756988515317426}