{"Acc": 0.7503622418485152, "IoU": 0.5411924096654434, "mIoU": 0.7118332069640934}