{"Acc": 0.7501292001276273, "IoU": 0.6125807833315945, "mIoU": 0.7624686900172397}