{"Acc": 0.7367963889447062, "IoU": 0.6021197079112486, "mIoU": 0.7561972949023181}