{"Acc": 0.7472925752137339, "IoU": 0.6079382571296511, "mIoU": 0.7594759424510508}