{"Acc": 0.736068053318405, "IoU": 0.5736541602571912, "mIoU": 0.7364261523659783}