{"Acc": 0.7429915751886964, "IoU": 0.6162820480733747, "mIoU": 0.7654654300214758}