{"Acc": 0.7383657291284818, "IoU": 0.6076103744406293, "mIoU": 0.7598554324517095}