{"Acc": 0.7385043985822333, "IoU": 0.6160764566242816, "mIoU": 0.7656185950026131}