{"Acc": 0.7449814176512091, "IoU": 0.5984121119267195, "mIoU": 0.7530691756726957}