{"Acc": 0.7492862696055175, "IoU": 0.546062984665907, "mIoU": 0.7155049349324208}