{"Acc": 0.7527687346604942, "IoU": 0.6058292070543418, "mIoU": 0.7576516372995205}