{"Acc": 0.7291605811534089, "IoU": 0.5919756993841193, "mIoU": 0.7497431890826588}