{"Acc": 0.709196673730677, "IoU": 0.5169540978896232, "mIoU": 0.6977241890145347}