{"Acc": 0.7446488677574903, "IoU": 0.6134442448540088, "mIoU": 0.7634224631046713}