{"Acc": 0.7886687154650466, "IoU": 0.6425874785571579, "mIoU": 0.7804833561242145}