{"Acc": 0.8218479502279379, "IoU": 0.696440384560982, "mIoU": 0.8146866427450703}