{"Acc": 0.7127924497050385, "IoU": 0.553490531917996, "mIoU": 0.7239939119965368}