{"Acc": 0.7289740835778773, "IoU": 0.5532089195930935, "mIoU": 0.722433220850574}