{"Acc": 0.7317022124839744, "IoU": 0.5622477795473925, "mIoU": 0.728680057104803}