{"Acc": 0.6776532249314838, "IoU": 0.5171703532256943, "mIoU": 0.7009182430281536}