{"Acc": 0.7224120010708364, "IoU": 0.5734285690262156, "mIoU": 0.7373270594142934}