{"Acc": 0.774297488349519, "IoU": 0.6508350389904308, "mIoU": 0.7868744429517178}