{"Acc": 0.736290502233798, "IoU": 0.5945456270304988, "mIoU": 0.7510099533060648}