{"Acc": 0.7220001656329587, "IoU": 0.5679569827309754, "mIoU": 0.7335085029514146}