{"Acc": 0.7568251371768312, "IoU": 0.621236489726659, "mIoU": 0.7679426420963351}