{"Acc": 0.7531028895247426, "IoU": 0.6107793472598655, "mIoU": 0.7610349502380794}