{"Acc": 0.8092614503412489, "IoU": 0.6613333850974854, "mIoU": 0.7919635174573547}