{"Acc": 0.7833649298531581, "IoU": 0.628456604805602, "mIoU": 0.771184705689139}