{"Acc": 0.7539143626244735, "IoU": 0.6285217915346144, "mIoU": 0.7730725646971011}