{"Acc": 0.760789735378879, "IoU": 0.6281440596503698, "mIoU": 0.7723878125439719}