{"Acc": 0.7109624623072671, "IoU": 0.5556859615393782, "mIoU": 0.7257101230918259}