{"Acc": 0.7471047936617787, "IoU": 0.5926078317345248, "mIoU": 0.74888849596101}