{"Acc": 0.7796686827236479, "IoU": 0.6373267070836411, "mIoU": 0.777455932267068}