{"Acc": 0.6993129442157183, "IoU": 0.5158414078641613, "mIoU": 0.6978558679592781}