{"Acc": 0.7577181427794623, "IoU": 0.632467924277556, "mIoU": 0.7755044591094655}