{"Acc": 0.7322308897764019, "IoU": 0.5901240144270444, "mIoU": 0.7482390377058159}