{"Acc": 0.7362497359823479, "IoU": 0.5788286924175663, "mIoU": 0.7400563980538153}