{"Acc": 0.680928648788151, "IoU": 0.5210312395919606, "mIoU": 0.7034251688198866}