{"Acc": 0.7574170503081222, "IoU": 0.6267990004571631, "mIoU": 0.7716866301913936}