{"Acc": 0.7253478131634546, "IoU": 0.5665211561815883, "mIoU": 0.7322277397268163}