{"Acc": 0.7475265799169396, "IoU": 0.5967323021480238, "mIoU": 0.7517252276644695}