{"Acc": 0.7320601209120599, "IoU": 0.5854957144316828, "mIoU": 0.7450344842156098}