{"Acc": 0.7269977228678127, "IoU": 0.5505314785163765, "mIoU": 0.7206731600762162}