{"Acc": 0.7362134636483805, "IoU": 0.5813407116331661, "mIoU": 0.7418215372172052}