{"Acc": 0.705660281665908, "IoU": 0.5436771253426177, "mIoU": 0.7175749183560336}