{"Acc": 0.7579405916948553, "IoU": 0.6300895275453975, "mIoU": 0.7738831789990832}