{"Acc": 0.7360943748350893, "IoU": 0.5876812437308852, "mIoU": 0.7462594048317812}