{"Acc": 0.6868718546590048, "IoU": 0.5205914202030617, "mIoU": 0.7025427787566962}