{"Acc": 0.7614593290837993, "IoU": 0.6232909160035975, "mIoU": 0.7690456757009656}