{"Acc": 0.7224161739942131, "IoU": 0.5973057321003404, "mIoU": 0.753893513809586}