{"Acc": 0.7244284860441392, "IoU": 0.5680765957511076, "mIoU": 0.7334006427776771}