{"Acc": 0.7295659967091684, "IoU": 0.5979951351770898, "mIoU": 0.7538653254360335}