{"Acc": 0.7478645867104589, "IoU": 0.5835821243205996, "mIoU": 0.7425186219032092}