{"Acc": 0.7379554986611336, "IoU": 0.5662531247175162, "mIoU": 0.7310292080612599}