{"Acc": 0.692457473095879, "IoU": 0.5285195202030163, "mIoU": 0.7078013682389637}