{"Acc": 0.7063709626163844, "IoU": 0.5290883128617451, "mIoU": 0.706936155878854}