{"Acc": 0.7712746868542, "IoU": 0.6430879862666238, "mIoU": 0.781849057700204}