{"Acc": 0.7691041247100621, "IoU": 0.6505381993231273, "mIoU": 0.7869714164859041}