{"Acc": 0.7397700783418215, "IoU": 0.5647466297720034, "mIoU": 0.7298090869652059}