{"Acc": 0.7909066863714248, "IoU": 0.6422697068308811, "mIoU": 0.7801349377243563}