{"Acc": 0.7309465923586711, "IoU": 0.5758777319390005, "mIoU": 0.7383886597573847}