{"Acc": 0.761463823001282, "IoU": 0.6037148157187441, "mIoU": 0.7555904429955856}