{"Acc": 0.6217206439655355, "IoU": 0.49835058989471614, "mIoU": 0.6927058172046068}