{"Acc": 0.7728799783778371, "IoU": 0.6403216168282383, "mIoU": 0.7798897723456517}