{"Acc": 0.7487858397944097, "IoU": 0.6175549925476461, "mIoU": 0.7659543482057664}