{"Acc": 0.6822132671999876, "IoU": 0.5193946292998911, "mIoU": 0.7021093742333546}