{"Acc": 0.7714242701075523, "IoU": 0.6335950776875593, "mIoU": 0.7754271023341304}