{"Acc": 0.7089755087917076, "IoU": 0.5556330661858044, "mIoU": 0.7258371775245598}