{"Acc": 0.7487033443091918, "IoU": 0.6176225029465106, "mIoU": 0.7660057115097704}