{"Acc": 0.7296655048819993, "IoU": 0.5548604844337618, "mIoU": 0.7235620019404965}