{"Acc": 0.7416668325136214, "IoU": 0.5822445636273513, "mIoU": 0.7420447767719245}