{"Acc": 0.7738237010492013, "IoU": 0.6367018941716941, "mIoU": 0.7773862606696853}