{"Acc": 0.23878976234238386, "IoU": 0.10561385077339164, "mIoU": 0.3821385450312219}