{"Acc": 0.696336044877544, "IoU": 0.5248841440207233, "mIoU": 0.7047925547183719}