{"Acc": 0.7202247472331913, "IoU": 0.5651078757087674, "mIoU": 0.7316371618279609}