{"Acc": 0.764804729655554, "IoU": 0.6413012320205292, "mIoU": 0.7810289435114395}