{"Acc": 0.7563256703480411, "IoU": 0.5807230923025658, "mIoU": 0.7398636241263149}