{"Acc": 0.1550180045594003, "IoU": 0.09109626534946162, "mIoU": 0.41683153180095084}