{"Acc": 0.6235935108449634, "IoU": 0.37398857175932226, "mIoU": 0.5710115784324712}