{"Acc": 0.7985023698994839, "IoU": 0.6643038353281739, "mIoU": 0.7945430943275575}