{"Acc": 0.6298848257890146, "IoU": 0.3946734666465008, "mIoU": 0.5898417331284708}