{"Acc": 0.40827818119603687, "IoU": 0.29364241651891254, "mIoU": 0.5614913330391176}