{"Acc": 0.2882963623021954, "IoU": 0.2250729371480009, "mIoU": 0.5280563850152984}