{"Acc": 0.2212760029300342, "IoU": 0.17572272075972, "mIoU": 0.5005177959655502}