{"Acc": 0.6870328106747265, "IoU": 0.41197101724451385, "mIoU": 0.5954648399771153}