{"Acc": 0.790149782269698, "IoU": 0.6652132296190923, "mIoU": 0.7956003641034615}