{"Acc": 0.8000258079261149, "IoU": 0.6642698979423219, "mIoU": 0.7944379330751008}