{"Acc": 0.1626990725196304, "IoU": 0.1279755269465417, "mIoU": 0.4716078583315986}