{"Acc": 0.4835650238574797, "IoU": 0.3292175880368177, "mIoU": 0.5584361086288429}