{"Acc": 0.40274039088094266, "IoU": 0.2868295774184227, "mIoU": 0.5564955371644923}