{"Acc": 0.14926322222871344, "IoU": 0.1237068395607132, "mIoU": 0.47394553273879475}