{"Acc": 0.28975262789728995, "IoU": 0.22341204395639394, "mIoU": 0.5075225961906117}