{"Acc": 0.8201248538674333, "IoU": 0.616129976637272, "mIoU": 0.7602482714298222}