{"Acc": 0.47054461785972684, "IoU": 0.34092006914693584, "mIoU": 0.5905594283854579}