{"Acc": 0.08795110104188267, "IoU": 0.06672639659291019, "mIoU": 0.4321198243650114}