{"Acc": 0.334537168228517, "IoU": 0.24971857896393929, "mIoU": 0.538635478007799}