{"Acc": 0.2475580373393184, "IoU": 0.18168037081290117, "mIoU": 0.49659299255149336}