{"Acc": 0.10379922203868493, "IoU": 0.08634382876917161, "mIoU": 0.45253731389017554}