{"Acc": 0.2203682315985314, "IoU": 0.07491750287794616, "mIoU": 0.3085138398334739}