{"Acc": 0.2621626271698399, "IoU": 0.19203409358100165, "mIoU": 0.5025549663858027}