{"Acc": 0.29165363965586866, "IoU": 0.2250349962799425, "mIoU": 0.5269861515867678}