{"Acc": 0.15501928853582392, "IoU": 0.0910971401645515, "mIoU": 0.41683223555012555}