{"Acc": 0.16266922006778112, "IoU": 0.12795679485230735, "mIoU": 0.47160039625321587}