{"Acc": 0.44560048688385984, "IoU": 0.26230373357801606, "mIoU": 0.5215586592257793}