{"Acc": 0.219801356007501, "IoU": 0.0727369448851551, "mIoU": 0.3006347679845006}