{"Acc": 0.10576134179767885, "IoU": 0.08730064507700283, "mIoU": 0.4334709501827967}