{"Acc": 0.17971491168189896, "IoU": 0.11395380573147904, "mIoU": 0.4156505451171266}