{"Acc": 0.4652745366289584, "IoU": 0.29121760372924405, "mIoU": 0.5462362482718258}