{"Acc": 0.7218481988111722, "IoU": 0.4634144366952573, "mIoU": 0.6367624894580963}