{"Acc": 0.3974603588328911, "IoU": 0.26579119771399523, "mIoU": 0.5376825846478849}