{"Acc": 0.2629509886939456, "IoU": 0.20069500436215196, "mIoU": 0.5115994629882716}