{"Acc": 0.7269373807560421, "IoU": 0.42207312974678335, "mIoU": 0.5978381974191183}