{"Acc": 0.09677619199556257, "IoU": 0.07183093121776574, "mIoU": 0.43284612855899574}