{"Acc": 0.0821793060235828, "IoU": 0.06718874864350978, "mIoU": 0.43978174725305735}