{"Acc": 0.10378445630981324, "IoU": 0.08633209936407504, "mIoU": 0.4525310873226648}