{"Acc": 0.6732935733495247, "IoU": 0.4438272720659061, "mIoU": 0.6271173671133888}