{"Acc": 0.7188000216457416, "IoU": 0.438017520276058, "mIoU": 0.6143213915710082}