{"Acc": 0.7626604890281005, "IoU": 0.5336827076985003, "mIoU": 0.7051432816768082}