{"Acc": 0.8141084613404329, "IoU": 0.6388261282432981, "mIoU": 0.7763886381057187}