{"Acc": 0.09430710533293188, "IoU": 0.07896643757744193, "mIoU": 0.4488586496988831}