{"Acc": 0.1492767039811615, "IoU": 0.12371768387790007, "mIoU": 0.47395161184418866}