{"Acc": 0.40164348768501273, "IoU": 0.28382654300052557, "mIoU": 0.5345973115733218}