{"Acc": 0.7887072347577554, "IoU": 0.6645362685605222, "mIoU": 0.795226991583732}