{"Acc": 0.3569945578659285, "IoU": 0.26042084494470213, "mIoU": 0.5429019108512609}