{"Acc": 0.261884967268231, "IoU": 0.19191445879038677, "mIoU": 0.5025264990875978}