{"Acc": 0.09432636497928625, "IoU": 0.07898018675271633, "mIoU": 0.4488638614685597}