{"Acc": 0.44618020223912647, "IoU": 0.26240450990023684, "mIoU": 0.5215124766485402}