{"Acc": 0.2802333113559369, "IoU": 0.2180081732744165, "mIoU": 0.5235700029148629}