{"Acc": 0.09550826527723298, "IoU": 0.08369424970696787, "mIoU": 0.4556802495455544}