{"Acc": 0.08217641707662963, "IoU": 0.06718679222604046, "mIoU": 0.4397811831235102}