{"Acc": 0.21361258964562893, "IoU": 0.08226719382521337, "mIoU": 0.3408673155160694}