{"Acc": 0.09677683398377439, "IoU": 0.07183120235680088, "mIoU": 0.43284598864970836}