{"Acc": 0.2238781821350148, "IoU": 0.1744656847601503, "mIoU": 0.4791279277108081}