{"Acc": 0.14163141373005278, "IoU": 0.11665925282366005, "mIoU": 0.45069611880521404}