{"Acc": 0.33209600805310013, "IoU": 0.22161463850256222, "mIoU": 0.5107871655680234}