{"Acc": 0.5677390651752853, "IoU": 0.3980779077553271, "mIoU": 0.6223268479028401}