{"Acc": 0.3306271390244732, "IoU": 0.25064485672013703, "mIoU": 0.5405829761094069}