{"Acc": 0.21361355262794665, "IoU": 0.08226775792467303, "mIoU": 0.3408681586376991}