{"Acc": 0.24760297651414526, "IoU": 0.18169237821150913, "mIoU": 0.49658878417667596}