{"Acc": 0.33217112067388216, "IoU": 0.22163580252862972, "mIoU": 0.5107861096718286}