{"Acc": 0.8231084940818316, "IoU": 0.6253604498257744, "mIoU": 0.7665090629479818}