{"Acc": 0.8278402681969954, "IoU": 0.6153862489817091, "mIoU": 0.759204587903038}