{"Acc": 0.8687543604869015, "IoU": 0.7040986836682886, "mIoU": 0.8029926128708882}