{"Acc": 0.6342015367913815, "IoU": 0.40233679050116816, "mIoU": 0.6159709661363663}