{"Acc": 0.6205451635497069, "IoU": 0.39588672205373104, "mIoU": 0.6125189726543111}