{"Acc": 0.6515910714847454, "IoU": 0.39797334958229696, "mIoU": 0.6095661163361054}