{"Acc": 0.6964496767910348, "IoU": 0.48121155396556253, "mIoU": 0.6719315553658841}