{"Acc": 0.8276945368729139, "IoU": 0.5866267746157516, "mIoU": 0.7386553291884501}