{"Acc": 0.4837150546629445, "IoU": 0.32929547849776225, "mIoU": 0.5584761307867641}