{"Acc": 0.7902705866641381, "IoU": 0.6302266924531714, "mIoU": 0.7616108357247295}