{"Acc": 0.223979063206062, "IoU": 0.17451609118584277, "mIoU": 0.47914003244458025}