{"Acc": 0.7794741276294488, "IoU": 0.4932660212451553, "mIoU": 0.6544651757710114}