{"Acc": 0.7964206085332876, "IoU": 0.49837683489546186, "mIoU": 0.6565611985397041}