{"Acc": 0.8073521548683309, "IoU": 0.6502295539597548, "mIoU": 0.7748047711636559}