{"Acc": 0.7873124676989435, "IoU": 0.6431325109767918, "mIoU": 0.771191047404407}