{"Acc": 0.7268361025154239, "IoU": 0.4220593401966264, "mIoU": 0.5978432824145814}