{"Acc": 0.7061964907089626, "IoU": 0.4713819852651458, "mIoU": 0.6460496134902713}