{"Acc": 0.7405995175382636, "IoU": 0.5144407990468453, "mIoU": 0.6774760636955053}