{"Acc": 0.8084412931245479, "IoU": 0.6157359343894736, "mIoU": 0.749406687356182}