{"Acc": 0.8076924795445259, "IoU": 0.6545626204826536, "mIoU": 0.7778987767547225}