{"Acc": 0.8127029226219348, "IoU": 0.5578695460057268, "mIoU": 0.7042274309976302}