{"Acc": 0.7191970919244007, "IoU": 0.43815472588881543, "mIoU": 0.6143810916836621}