{"Acc": 0.7888062224556697, "IoU": 0.6508012486199934, "mIoU": 0.7765795344476331}