{"Acc": 0.8173022951933049, "IoU": 0.5635754703872163, "mIoU": 0.7082996228365303}