{"Acc": 0.7912556168465431, "IoU": 0.6474813217127685, "mIoU": 0.7740207881647888}