{"Acc": 0.4016538140938601, "IoU": 0.28382820429998995, "mIoU": 0.5345960254907915}