{"Acc": 0.8088406967744369, "IoU": 0.6555916659074748, "mIoU": 0.7785547064103766}