{"Acc": 0.6875507197953782, "IoU": 0.41203018287532633, "mIoU": 0.5954252075360983}