{"Acc": 0.7253839016250689, "IoU": 0.46416627973084007, "mIoU": 0.6368848999227401}