{"Acc": 0.10576342693792687, "IoU": 0.08730185107087576, "mIoU": 0.4334710027916613}