{"Acc": 0.7968249768028147, "IoU": 0.6542318996845597, "mIoU": 0.7784491115709602}