{"Acc": 0.807013816039991, "IoU": 0.6323027578549575, "mIoU": 0.7617904115539643}