{"s_Acc": 0.0097596869938165, "s_IoU": 0.009740429700921057, "s_mIoU": 0.38669762725154927, "t_Acc": 0.005635217976343433, "t_IoU": 0.0056285825930008, "t_mIoU": 0.39436028703353426}