{"s_Acc": 0.488239920876727, "s_IoU": 0.4272195884099042, "s_mIoU": 0.625619756546228, "t_Acc": 0.29749898127998137, "t_IoU": 0.2735457093335815, "t_mIoU": 0.5448584541365578}