{"s_Acc": 0.6354339642322973, "s_IoU": 0.5918380272776761, "s_mIoU": 0.7345854336341786, "t_Acc": 0.3804422708540623, "t_IoU": 0.3638543041535354, "t_mIoU": 0.6030228218789857}