{"s_Acc": 0.6668631253958787, "s_IoU": 0.540977426936893, "s_mIoU": 0.6905922702791771, "t_Acc": 0.40193882462546343, "t_IoU": 0.35258239009935743, "t_mIoU": 0.5882902221380379}