{"s_Acc": 0.00023488613544600588, "s_IoU": 0.00023487298317276722, "s_mIoU": 0.3813087988149099, "t_Acc": 0.00013544695732728315, "t_IoU": 0.000135442586798762, "t_mIoU": 0.39126985611593834}