{"s_Acc": 0.17651983038849628, "s_IoU": 0.16966097570024377, "s_mIoU": 0.4776834968068825, "t_Acc": 0.10441103749947582, "t_IoU": 0.10194547814299769, "t_mIoU": 0.4485691925476322}