{"s_Acc": 0.039984571907367025, "s_IoU": 0.039779386811164864, "s_mIoU": 0.4041044150881151, "t_Acc": 0.023202684093042204, "t_IoU": 0.023130023224937304, "t_mIoU": 0.4044008205914237}