{"s_Acc": 0.667400641207014, "s_IoU": 0.6281223945679884, "s_mIoU": 0.7582599200438318, "t_Acc": 0.3944623267756414, "t_IoU": 0.3797765607574264, "t_mIoU": 0.6132129684028063}