{"s_Acc": 0.12083460337080627, "s_IoU": 0.11823440390064043, "s_mIoU": 0.44887298774449713, "t_Acc": 0.07116503374766309, "t_IoU": 0.0702366269112814, "t_mIoU": 0.4310050429067705}