{"s_Acc": 0.24545072946569185, "s_IoU": 0.23221125238134044, "s_mIoU": 0.5136995368979825, "t_Acc": 0.14516689100246002, "t_IoU": 0.14040594843124535, "t_mIoU": 0.47034825378182427}