{"s_Acc": 0.3726721007279217, "s_IoU": 0.3364986049760601, "s_mIoU": 0.5724503291144067, "t_Acc": 0.2253434810352379, "t_IoU": 0.21127305302503474, "t_mIoU": 0.5093830300444342}