{"s_Acc": 0.892518808418827, "s_IoU": 0.7523006673004603, "s_mIoU": 0.831935941337018, "t_Acc": 0.4069335535080445, "t_IoU": 0.3539555802568676, "t_mIoU": 0.598177253273736, "bn_loss": 0.14692148566246033, "s_adv": 0.4391829716888341, "t_adv": 1.0287531927227973}