{"s_Acc": 0.9037797383204825, "s_IoU": 0.7320641004925373, "s_mIoU": 0.8160940175053708, "t_Acc": 0.45281191231316137, "t_IoU": 0.3754769314846731, "t_mIoU": 0.6070477367803021, "bn_loss": 0.15141594409942627, "s_adv": 0.6493393426591699, "t_adv": 1.328175339102745}