{"s_Acc": 0.9017962448396777, "s_IoU": 0.735214020135709, "s_mIoU": 0.8186046899000581, "t_Acc": 0.4747791694910966, "t_IoU": 0.3920834891301188, "t_mIoU": 0.6168013421625811, "bn_loss": 0.15635281801223755, "s_adv": 0.4923448284918612, "t_adv": 1.047711230814457}