{"s_Acc": 0.9008206102177628, "s_IoU": 0.7401861923677403, "s_mIoU": 0.82239964628697, "t_Acc": 0.4337489474321544, "t_IoU": 0.373952867744279, "t_mIoU": 0.6094947921891439, "bn_loss": 0.1569485068321228, "s_adv": 0.38941639729521493, "t_adv": 0.7444283977150917}