{"s_Acc": 0.9160084432740588, "s_IoU": 0.7168896058383034, "s_mIoU": 0.8036301643056396, "t_Acc": 0.47855646438398397, "t_IoU": 0.3851018304192678, "t_mIoU": 0.6102312206585587, "bn_loss": 0.15995728969573975, "s_adv": 0.5102977427569303, "t_adv": 1.0958725959062576}