{"s_Acc": 0.9002077134643304, "s_IoU": 0.7397240123557425, "s_mIoU": 0.8220952221840467, "t_Acc": 0.4180317008786423, "t_IoU": 0.3596652004330563, "t_mIoU": 0.6006857040891038, "bn_loss": 0.15685836970806122, "s_adv": 0.35591409694064746, "t_adv": 0.7598568692803382}