{"s_Acc": 0.8989196796484182, "s_IoU": 0.7353078203565528, "s_mIoU": 0.8188737732755378, "t_Acc": 0.42734099538395065, "t_IoU": 0.3649595323412702, "t_mIoU": 0.6032464225133243, "bn_loss": 0.15818235278129578, "s_adv": 0.5598667683926496, "t_adv": 1.048545815050602}