{"s_Acc": 0.9053249672078155, "s_IoU": 0.7387554124578595, "s_mIoU": 0.821022768464513, "t_Acc": 0.4977816204580091, "t_IoU": 0.40348667870702515, "t_mIoU": 0.6221319013718288, "bn_loss": 0.14651820063591003, "s_adv": 0.5209089185703885, "t_adv": 1.07293431609869}