{"s_Acc": 0.9008305656730885, "s_IoU": 0.7358162755554847, "s_mIoU": 0.8191238170141164, "t_Acc": 0.47786880172406637, "t_IoU": 0.4000927364705698, "t_mIoU": 0.6228653090596016, "bn_loss": 0.14994116127490997, "s_adv": 0.39386978813193063, "t_adv": 0.9594824239611626}