{"s_Acc": 0.8913648364110973, "s_IoU": 0.7440807800421941, "s_mIoU": 0.825929826799874, "t_Acc": 0.4154964385433871, "t_IoU": 0.36030785619474637, "t_mIoU": 0.6017484408608427, "bn_loss": 0.15694960951805115, "s_adv": 0.5743406340479851, "t_adv": 0.8851841792464257}