{"s_Acc": 0.8945198175127612, "s_IoU": 0.7517490476417388, "s_mIoU": 0.8314029521020545, "t_Acc": 0.39539642997385244, "t_IoU": 0.3454216860576114, "t_mIoU": 0.5934105224777034, "bn_loss": 0.15055246651172638, "s_adv": 0.5439983423460614, "t_adv": 0.970225103199482}