{"s_Acc": 0.8834522330329568, "s_IoU": 0.7504230889816038, "s_mIoU": 0.8311245058431003, "t_Acc": 0.3986458535301533, "t_IoU": 0.3507182172103638, "t_mIoU": 0.5971979221181043, "bn_loss": 0.15312673151493073, "s_adv": 0.34796432304111397, "t_adv": 1.0698571771383285}