{"s_Acc": 0.8978682188893238, "s_IoU": 0.7344341548145163, "s_mIoU": 0.8182905378653151, "t_Acc": 0.4674166192775732, "t_IoU": 0.3853088998770733, "t_mIoU": 0.6125136220326836, "bn_loss": 0.15551678836345673, "s_adv": 0.5009518197991631, "t_adv": 1.110832840204239}