{"s_Acc": 0.9009958037755802, "s_IoU": 0.7369436660505502, "s_mIoU": 0.8199586946835433, "t_Acc": 0.46982783834837766, "t_IoU": 0.3874460539743922, "t_mIoU": 0.6138502502867021, "bn_loss": 0.1534244865179062, "s_adv": 0.534396611831405, "t_adv": 1.2637711942195893}