{"s_Acc": 0.9081185577958532, "s_IoU": 0.731459641103592, "s_mIoU": 0.8153312636500738, "t_Acc": 0.4410468011586971, "t_IoU": 0.3743389066228135, "t_mIoU": 0.608391269178787, "bn_loss": 0.1588612198829651, "s_adv": 0.3879524300044233, "t_adv": 0.8442853346467019}