{"s_Acc": 0.8878713698283608, "s_IoU": 0.7485686649395635, "s_mIoU": 0.8294775482783135, "t_Acc": 0.38540197267288384, "t_IoU": 0.3410422832795771, "t_mIoU": 0.5918753212981999, "bn_loss": 0.15919284522533417, "s_adv": 0.5747307891195471, "t_adv": 1.0146837949752807}