{"s_Acc": 0.8953355285985612, "s_IoU": 0.7457481887014373, "s_mIoU": 0.8269078711992649, "t_Acc": 0.398408016444707, "t_IoU": 0.35121316651655565, "t_mIoU": 0.5976655016433443, "bn_loss": 0.15106870234012604, "s_adv": 0.34103232757611707, "t_adv": 0.889791513979435}