{"s_Acc": 0.9010194573386097, "s_IoU": 0.7394412414443284, "s_mIoU": 0.8218287937288439, "t_Acc": 0.4747113731724367, "t_IoU": 0.38795510418704987, "t_mIoU": 0.613362759757285, "bn_loss": 0.15075594186782837, "s_adv": 0.5595876208760522, "t_adv": 1.2632070168852807}