{"s_Acc": 0.9166646425155055, "s_IoU": 0.7211882661439045, "s_mIoU": 0.8068844242902518, "t_Acc": 0.461395496224555, "t_IoU": 0.37781665678838294, "t_mIoU": 0.6073533062940533, "bn_loss": 0.1600862294435501, "s_adv": 0.39759472622112796, "t_adv": 0.8698087155818939}