{"s_Acc": 0.8973540533056247, "s_IoU": 0.7427877106476177, "s_mIoU": 0.8245733513468658, "t_Acc": 0.5126737118174484, "t_IoU": 0.40749179385778117, "t_mIoU": 0.6228430524430943, "bn_loss": 0.14509786665439606, "s_adv": 0.45396921783685684, "t_adv": 0.9774055764079094}