{"s_Acc": 0.904775059293906, "s_IoU": 0.747499663968863, "s_mIoU": 0.8275958530536196, "t_Acc": 0.4346977959096821, "t_IoU": 0.36076220729295483, "t_mIoU": 0.5981782278132239, "bn_loss": 0.14710360765457153, "s_adv": 0.3261575797064738, "t_adv": 1.0631224408745765}