{"s_Acc": 0.9043095481911219, "s_IoU": 0.7408258041752231, "s_mIoU": 0.822643557040175, "t_Acc": 0.4227781431468271, "t_IoU": 0.3608720003659922, "t_mIoU": 0.6007280171976471, "bn_loss": 0.15322920680046082, "s_adv": 0.4489234204996716, "t_adv": 1.0078923910856248}