{"s_Acc": 0.8919503369491223, "s_IoU": 0.7453058580940785, "s_mIoU": 0.8268003567292554, "t_Acc": 0.3893022608872338, "t_IoU": 0.34459055004162187, "t_mIoU": 0.5940304555655982, "bn_loss": 0.15207254886627197, "s_adv": 0.4901473657651381, "t_adv": 1.14500782340765}