{"s_Acc": 0.8965021881978527, "s_IoU": 0.7390888959738705, "s_mIoU": 0.8218705113657367, "t_Acc": 0.4273144968228225, "t_IoU": 0.36480713111546526, "t_mIoU": 0.603123462661771, "bn_loss": 0.15586230158805847, "s_adv": 0.528109958903356, "t_adv": 1.1645232245326043}