{"s_Acc": 0.9021755626581949, "s_IoU": 0.7403710589464798, "s_mIoU": 0.8224467341522521, "t_Acc": 0.4950939663976246, "t_IoU": 0.4071420195630451, "t_mIoU": 0.6256264920312588, "bn_loss": 0.14696435630321503, "s_adv": 0.5332809849218889, "t_adv": 1.0279139578342438}