{"s_Acc": 0.8950677043943867, "s_IoU": 0.7439610732850154, "s_mIoU": 0.8255976473470852, "t_Acc": 0.4305259224424114, "t_IoU": 0.37105911716916296, "t_mIoU": 0.6077191606631362, "bn_loss": 0.1527920812368393, "s_adv": 0.39423736049370334, "t_adv": 0.9422379329800605}