{"s_Acc": 0.9086997917101672, "s_IoU": 0.7271851111763965, "s_mIoU": 0.8120487837282302, "t_Acc": 0.49091234345975016, "t_IoU": 0.3999796319078385, "t_mIoU": 0.6204411774719463, "bn_loss": 0.153636634349823, "s_adv": 0.5991015413945372, "t_adv": 1.2804643005132674}