{"s_Acc": 0.9041009701740921, "s_IoU": 0.7427804747060441, "s_mIoU": 0.8241198080791802, "t_Acc": 0.41108792792551363, "t_IoU": 0.35396680475131975, "t_mIoU": 0.5973120690215502, "bn_loss": 0.15192820131778717, "s_adv": 0.3982789231972261, "t_adv": 0.9715402066707611}