{"s_Acc": 0.9015321632878812, "s_IoU": 0.7450405721111673, "s_mIoU": 0.8259761700567764, "t_Acc": 0.442471573793543, "t_IoU": 0.3773309746146677, "t_mIoU": 0.6106106970221552, "bn_loss": 0.14634867012500763, "s_adv": 0.5282306440851905, "t_adv": 1.1901048123836517}