{"s_Acc": 0.9088455680202929, "s_IoU": 0.7300252691621975, "s_mIoU": 0.8141935146649246, "t_Acc": 0.4493363010388536, "t_IoU": 0.38508852090322726, "t_mIoU": 0.6157301881253692, "bn_loss": 0.1512174904346466, "s_adv": 0.40425641428340564, "t_adv": 0.8899414643645287}