{"s_Acc": 0.8994945510536895, "s_IoU": 0.7467266178656964, "s_mIoU": 0.8273639335830709, "t_Acc": 0.4188425568491631, "t_IoU": 0.3600006721027633, "t_mIoU": 0.6008016640796978, "bn_loss": 0.15014290809631348, "s_adv": 0.4763943085616285, "t_adv": 1.188272824883461}