{"s_Acc": 0.8951893780231976, "s_IoU": 0.7442377430436561, "s_mIoU": 0.8257953332754038, "t_Acc": 0.434252120109878, "t_IoU": 0.37609740004119724, "t_mIoU": 0.6111754458686205, "bn_loss": 0.15043875575065613, "s_adv": 0.35871842401948845, "t_adv": 0.9256228744983673}