{"s_Acc": 0.8989169475121822, "s_IoU": 0.7384632730097559, "s_mIoU": 0.8212391561878689, "t_Acc": 0.45024380176156437, "t_IoU": 0.382149232201861, "t_mIoU": 0.6131275102527198, "bn_loss": 0.1528317779302597, "s_adv": 0.4010352485559203, "t_adv": 0.9807565748691559}