{"s_Acc": 0.8936497256879079, "s_IoU": 0.7406344610245145, "s_mIoU": 0.8232155506102048, "t_Acc": 0.4903148759022385, "t_IoU": 0.4054851217210365, "t_mIoU": 0.6250986320480584, "bn_loss": 0.1526166945695877, "s_adv": 0.4760602827776562, "t_adv": 1.0340541034936905}