{"s_Acc": 0.9040977889195707, "s_IoU": 0.7470330025928409, "s_mIoU": 0.8272924267542527, "t_Acc": 0.40183903014066336, "t_IoU": 0.34997557160697895, "t_mIoU": 0.5958895305093446, "bn_loss": 0.15100623667240143, "s_adv": 0.3529473001306707, "t_adv": 0.9214316055178642}