{"s_Acc": 0.8993065576247391, "s_IoU": 0.7481998400632822, "s_mIoU": 0.8284702832346376, "t_Acc": 0.4158258706552234, "t_IoU": 0.3593470393249487, "t_mIoU": 0.6008723700694091, "bn_loss": 0.1496630162000656, "s_adv": 0.5375170233574781, "t_adv": 0.8707333788275718}