{"s_Acc": 0.8958485339600231, "s_IoU": 0.7465196951295162, "s_mIoU": 0.8274471571825663, "t_Acc": 0.4063667842836134, "t_IoU": 0.35639472465208905, "t_mIoU": 0.6003495587370701, "bn_loss": 0.1509404331445694, "s_adv": 0.4155337085778063, "t_adv": 0.9607999831438064}