{"s_Acc": 0.9071309092598048, "s_IoU": 0.7373054122586669, "s_mIoU": 0.8198099276023549, "t_Acc": 0.44019549738449204, "t_IoU": 0.37329414341546036, "t_mIoU": 0.6076835942318844, "bn_loss": 0.15371985733509064, "s_adv": 0.4529860859567469, "t_adv": 1.029714895784855}