{"Acc": 0.831507625856974, "IoU": 0.725316848405566, "mIoU": 0.833126983744243}