{"Acc": 0.8340502201698572, "IoU": 0.7256658200726019, "mIoU": 0.8332489195148683}