{"Acc": 0.8476411106139269, "IoU": 0.7264516515948141, "mIoU": 0.8332017457096015}