{"Acc": 0.8726198731995792, "IoU": 0.6221037720489838, "mIoU": 0.7397543668022836}