{"Acc": 0.8763620956381191, "IoU": 0.6314302641348355, "mIoU": 0.7468411990621537}