{"Acc": 0.8561001046113947, "IoU": 0.5983555775934296, "mIoU": 0.7222256283371915}