{"Acc": 0.8887165869255258, "IoU": 0.5661006484877124, "mIoU": 0.6910301837121138}