{"Acc": 0.85996029892009, "IoU": 0.6474660995693987, "mIoU": 0.760966920472637}