{"Acc": 0.842252431114984, "IoU": 0.6657858428658241, "mIoU": 0.7764851755435498}