{"Acc": 0.8402828488401608, "IoU": 0.666508876375035, "mIoU": 0.7771907267577605}