{"Acc": 0.8523143679584533, "IoU": 0.6654206305976783, "mIoU": 0.775381037646651}