{"Acc": 0.6584877134392362, "IoU": 0.4257060909552759, "mIoU": 0.5998764203249888}