{"Acc": 0.7817373743104005, "IoU": 0.5775863885897772, "mIoU": 0.7137292549399606}