{"Acc": 0.7953334711820669, "IoU": 0.5444325223120758, "mIoU": 0.68452410832228}