{"Acc": 0.882511621115611, "IoU": 0.6173860336857757, "mIoU": 0.734932960442583}