{"Acc": 0.8771680755870913, "IoU": 0.6031677340221385, "mIoU": 0.7238656226709262}