{"Acc": 0.8452444362644884, "IoU": 0.6689312443353672, "mIoU": 0.7786093325602321}