{"Acc": 0.8343658826640821, "IoU": 0.6658942899948346, "mIoU": 0.7772120979523518}