{"Acc": 0.764884641400165, "IoU": 0.5624952888442202, "mIoU": 0.7034813092111463}