{"Acc": 0.8790161403891041, "IoU": 0.6196738945934726, "mIoU": 0.7371465067391362}