{"Acc": 0.8411942298862394, "IoU": 0.6664367537539497, "mIoU": 0.7770619958877443}