{"Acc": 0.8578637196047169, "IoU": 0.6427285558297722, "mIoU": 0.7574779301268155}