{"Acc": 0.8456858637950293, "IoU": 0.6558889474693371, "mIoU": 0.7686953917323296}