{"Acc": 0.4581859826533002, "IoU": 0.31968622670862457, "mIoU": 0.5418484723243266}