{"Acc": 0.8400269207939765, "IoU": 0.6655890325734346, "mIoU": 0.7765194620195286}