{"Acc": 0.508247797012314, "IoU": 0.31194881667393054, "mIoU": 0.5186517327672265}