{"Acc": 0.7890780611161976, "IoU": 0.5228319849612788, "mIoU": 0.6666796484855858}