{"Acc": 0.8696865316576385, "IoU": 0.6516492321254441, "mIoU": 0.7633415029720139}