{"Acc": 0.8844865217944166, "IoU": 0.6143881601278185, "mIoU": 0.7322862985026213}