{"Acc": 0.833501400271303, "IoU": 0.6671304885790035, "mIoU": 0.7782094822289457}