{"Acc": 0.8367251589034354, "IoU": 0.6692367424154536, "mIoU": 0.7795266360264785}