{"Acc": 0.8983198517164505, "IoU": 0.5578586669076667, "mIoU": 0.682497487936037}