{"Acc": 0.8752768188981911, "IoU": 0.6047404449286445, "mIoU": 0.7253669986399014}