{"Acc": 0.29521896433268774, "IoU": 0.19569058625077052, "mIoU": 0.4565810879003054}