{"Acc": 0.08716928592690676, "IoU": 0.06293784574424759, "mIoU": 0.38735371325533047}