{"Acc": 0.847155354931748, "IoU": 0.6571557125670737, "mIoU": 0.7695351283791614}