{"Acc": 0.32249770301355274, "IoU": 0.21611323714313424, "mIoU": 0.4709998311105566}