{"Acc": 0.8390402762733589, "IoU": 0.6789603646624248, "mIoU": 0.7865953477753704}