{"Acc": 0.7514711430652283, "IoU": 0.47795467160463706, "mIoU": 0.6320606805419648}