{"Acc": 0.8962635633403381, "IoU": 0.5547048588460555, "mIoU": 0.6799583771510112}