{"Acc": 0.7200350241076806, "IoU": 0.4160012685659525, "mIoU": 0.5774015453252734}