{"Acc": 0.8511675266633348, "IoU": 0.5908579281599741, "mIoU": 0.7166071101737822}