{"Acc": 0.8238899161287692, "IoU": 0.6676457774037384, "mIoU": 0.7793716509318558}