{"Acc": 0.7738899886524598, "IoU": 0.48287439567619056, "mIoU": 0.6328455042597976}