{"Acc": 0.6973455845723737, "IoU": 0.49580859840910424, "mIoU": 0.6568165729361395}