{"Acc": 0.8526615146911241, "IoU": 0.6606272312147173, "mIoU": 0.7717117714070887}