{"Acc": 0.8404596454816371, "IoU": 0.6629107661337941, "mIoU": 0.7744645300890106}