{"Acc": 0.5574929946143907, "IoU": 0.3569403827586196, "mIoU": 0.5539339100274809}