{"Acc": 0.8908968102308042, "IoU": 0.6100745832146933, "mIoU": 0.7280700055609532}