{"Acc": 0.4522773969925876, "IoU": 0.3333007117754718, "mIoU": 0.5573269469083135}