{"Acc": 0.8774417316465505, "IoU": 0.6034982966648594, "mIoU": 0.7241082423412697}