{"Acc": 0.8344728953987586, "IoU": 0.6796248973073424, "mIoU": 0.7874394650669247}