{"Acc": 0.7322406000835795, "IoU": 0.5130277653005896, "mIoU": 0.6664276701174323}