{"Acc": 0.7737539664415155, "IoU": 0.5662348647605676, "mIoU": 0.705456793766034}