{"Acc": 0.8388641242869108, "IoU": 0.661567112105551, "mIoU": 0.7735825076126451}