{"Acc": 0.7574432272462158, "IoU": 0.493872613408668, "mIoU": 0.6456658528924932}