{"Acc": 0.8313642076891551, "IoU": 0.6659068482795264, "mIoU": 0.7774663700084969}