{"Acc": 0.8449198524578037, "IoU": 0.6650816278297688, "mIoU": 0.7757347183231389}