{"Acc": 0.4476197644140432, "IoU": 0.28661044300538396, "mIoU": 0.50882143547936}