{"Acc": 0.8766976385802827, "IoU": 0.6311849181934803, "mIoU": 0.7466132581295266}