{"Acc": 0.8430597003740127, "IoU": 0.6790689191197804, "mIoU": 0.7863657646632445}