{"Acc": 0.7810376012773195, "IoU": 0.530647158723224, "mIoU": 0.6746386169493614}