{"Acc": 0.8571259119249738, "IoU": 0.646886176531977, "mIoU": 0.760772369613264}