{"Acc": 0.8559012285352036, "IoU": 0.6571484430827635, "mIoU": 0.7687803007640754}