{"Acc": 0.8330366039959909, "IoU": 0.6583900908838358, "mIoU": 0.7716708178384102}