{"Acc": 0.8444154098982589, "IoU": 0.6663660518880354, "mIoU": 0.776745179671003}