{"Acc": 0.737695993259487, "IoU": 0.46350908232572186, "mIoU": 0.6209296437339394}