{"Acc": 0.8125186849230822, "IoU": 0.5275395463277013, "mIoU": 0.6674494482683415}