{"Acc": 0.8239633013858599, "IoU": 0.6300117367377563, "mIoU": 0.7696903229521489}