{"Acc": 0.6704854265465977, "IoU": 0.46978578505184726, "mIoU": 0.6660066084253492}