{"Acc": 0.6421759933644099, "IoU": 0.43630263133503366, "mIoU": 0.6430112600319036}