{"Acc": 0.06772815137568444, "IoU": 0.060824125899122956, "mIoU": 0.44462713109030927}