{"Acc": 0.8145543221535366, "IoU": 0.6363377165156484, "mIoU": 0.7746511503356586}