{"Acc": 0.6539022290472702, "IoU": 0.45358762482134185, "mIoU": 0.6553022437442393}