{"Acc": 0.6138906347401649, "IoU": 0.43718857634541536, "mIoU": 0.6473869042157255}