{"Acc": 0.48978725152648744, "IoU": 0.3522558089443742, "mIoU": 0.596752285100285}