{"Acc": 0.808356888950805, "IoU": 0.561115005434475, "mIoU": 0.7215191236735569}