{"Acc": 0.7576407831999389, "IoU": 0.5133872931644935, "mIoU": 0.6902673344823613}