{"Acc": 0.6208049738735945, "IoU": 0.46713688436511214, "mIoU": 0.6884966178663695}