{"Acc": 0.616115067234754, "IoU": 0.47050427519089605, "mIoU": 0.6911479357244381}