{"Acc": 0.5966224425560771, "IoU": 0.46931240956897685, "mIoU": 0.6918486820407836}