{"Acc": 0.8158436402974204, "IoU": 0.706086439495713, "mIoU": 0.8136248278494304}