{"Acc": 0.8143467578303222, "IoU": 0.7056292231864294, "mIoU": 0.8133954996691108}