{"Acc": 0.7571024760843341, "IoU": 0.5937561676058211, "mIoU": 0.7489678232316581}