{"Acc": 0.8016686557601429, "IoU": 0.6519879128840042, "mIoU": 0.7860877900520198}