{"Acc": 0.7719641821936866, "IoU": 0.596830756532048, "mIoU": 0.7500511635729499}