{"Acc": 0.7677739251351867, "IoU": 0.5790758611038951, "mIoU": 0.7378183378332542}