{"Acc": 0.7586426058044722, "IoU": 0.5812355685035118, "mIoU": 0.7400500146851977}