{"Acc": 0.7356558968864214, "IoU": 0.577284346303353, "mIoU": 0.7390162077544239}