{"Acc": 0.7633063291691838, "IoU": 0.5881153435125642, "mIoU": 0.7445575958143118}