{"Acc": 0.7942039378272936, "IoU": 0.6819732508490208, "mIoU": 0.8064949398554084}