{"Acc": 0.7724527352228758, "IoU": 0.6084727137382537, "mIoU": 0.7581340144296644}