{"Acc": 0.7790607198870614, "IoU": 0.5935668967703152, "mIoU": 0.7472437274948563}