{"Acc": 0.7761464143995388, "IoU": 0.5903701591251583, "mIoU": 0.7452001969016129}