{"Acc": 0.7474097380623898, "IoU": 0.5780556421709503, "mIoU": 0.73865902926292}