{"Acc": 0.7821406583332317, "IoU": 0.6422034307498163, "mIoU": 0.7806105972352491}