{"Acc": 0.8153953267110109, "IoU": 0.6712763165857285, "mIoU": 0.7983044142298421}