{"Acc": 0.7929321591796932, "IoU": 0.658580419285848, "mIoU": 0.7910166503254896}