{"Acc": 0.8068738961815183, "IoU": 0.6819594921804526, "mIoU": 0.8058526947701277}