{"Acc": 0.788211940852342, "IoU": 0.5824900529725321, "mIoU": 0.7386889461669535}