{"Acc": 0.7864304235645625, "IoU": 0.6340597376166031, "mIoU": 0.7748215509177395}