{"Acc": 0.7859547102996095, "IoU": 0.6740904191690951, "mIoU": 0.8017109666410209}