{"Acc": 0.8118724163986901, "IoU": 0.6652815205568993, "mIoU": 0.7944744947533589}