{"Acc": 0.817996662945275, "IoU": 0.6849671456349093, "mIoU": 0.8072908712054789}