{"Acc": 0.8024737089777557, "IoU": 0.6013191689360778, "mIoU": 0.7510338830623653}