{"Acc": 0.7872284149118454, "IoU": 0.6480239585513257, "mIoU": 0.7842429506487549}