{"Acc": 0.7883207578542443, "IoU": 0.6762148403791625, "mIoU": 0.8029929887235514}