{"Acc": 0.8031596733820774, "IoU": 0.6702523631335363, "mIoU": 0.7982660951570947}