{"Acc": 0.8186649726737718, "IoU": 0.6729027369336443, "mIoU": 0.7992207631578041}