{"Acc": 0.7618795103684306, "IoU": 0.5719154456687555, "mIoU": 0.7331663223648802}