{"Acc": 0.7870695228294218, "IoU": 0.57922110502907, "mIoU": 0.7364325509292735}