{"Acc": 0.7901375844936736, "IoU": 0.6873661203833784, "mIoU": 0.810239854192}