{"Acc": 0.7758857671855429, "IoU": 0.5971484714884207, "mIoU": 0.7499931411921833}