{"Acc": 0.792970357478296, "IoU": 0.6425967969501105, "mIoU": 0.7802342202935975}