{"Acc": 0.782581062246535, "IoU": 0.637022300295597, "mIoU": 0.7770728869039198}