{"Acc": 0.7734064087115232, "IoU": 0.6251224281653145, "mIoU": 0.7695344056143425}