{"Acc": 0.7887608407734417, "IoU": 0.598901124345314, "mIoU": 0.7503046210862552}