{"Acc": 0.7908238698921011, "IoU": 0.6133091926762497, "mIoU": 0.7602483025803958}