{"Acc": 0.8001741072030435, "IoU": 0.677429962035877, "mIoU": 0.8031916737013325}