{"Acc": 0.8120547410508449, "IoU": 0.6856264137014056, "mIoU": 0.8080214576514737}