{"Acc": 0.7914241288701457, "IoU": 0.6796445232947008, "mIoU": 0.8050989700249562}