{"Acc": 0.8036411645409367, "IoU": 0.6669072070754575, "mIoU": 0.7960070259852876}