{"Acc": 0.7888812135631565, "IoU": 0.6507894097129356, "mIoU": 0.786011208566424}