{"Acc": 0.789406680914525, "IoU": 0.6224366706875754, "mIoU": 0.7666636249916075}