{"Acc": 0.7746300382432377, "IoU": 0.6059287168976291, "mIoU": 0.756217418684674}