{"Acc": 0.7704481270314915, "IoU": 0.6078223964955793, "mIoU": 0.7578199814801675}