{"Acc": 0.8206994333170055, "IoU": 0.6697973299200013, "mIoU": 0.7970320983378545}