{"Acc": 0.7834724628786366, "IoU": 0.6268896115253814, "mIoU": 0.770104810031383}