{"Acc": 0.7727952359338778, "IoU": 0.6136703231045855, "mIoU": 0.7617072609557525}