{"Acc": 0.763606779652312, "IoU": 0.6159001316782163, "mIoU": 0.7638517808201388}