{"Acc": 0.7890975635905374, "IoU": 0.5858076068226775, "mIoU": 0.74099380403075}