{"Acc": 0.7577027350623787, "IoU": 0.5985374363551534, "mIoU": 0.7522580922164444}