{"Acc": 0.7439150752313886, "IoU": 0.5700848115956574, "mIoU": 0.7332812737593497}