{"Acc": 0.8104558694093259, "IoU": 0.6565622129785944, "mIoU": 0.7886802784557103}