{"Acc": 0.7771960651258522, "IoU": 0.6522556441614993, "mIoU": 0.7876610893306291}