{"Acc": 0.7795229513995664, "IoU": 0.5923926274412612, "mIoU": 0.7463811656140321}