{"Acc": 0.7932817217610251, "IoU": 0.6593163495422881, "mIoU": 0.7914904409546164}