{"Acc": 0.7514767333842216, "IoU": 0.5744723454335047, "mIoU": 0.7358060326388778}