{"Acc": 0.7776868651137828, "IoU": 0.6078953416716347, "mIoU": 0.7573751236581057}