{"Acc": 0.7951126721411141, "IoU": 0.6374634788585922, "mIoU": 0.7766120929646254}