{"Acc": 0.7776891120725241, "IoU": 0.6359301344934363, "mIoU": 0.7766285798800177}