{"Acc": 0.7872412546760816, "IoU": 0.6744726415486104, "mIoU": 0.8018973237066849}