{"Acc": 0.8071599019298807, "IoU": 0.6857442135901307, "mIoU": 0.8083405569171689}