{"Acc": 0.7884709830958084, "IoU": 0.6394221946057023, "mIoU": 0.7783473786556905}