{"Acc": 0.7956927084904867, "IoU": 0.648241279620915, "mIoU": 0.783898970992126}