{"Acc": 0.7798423405349431, "IoU": 0.6712272374379391, "mIoU": 0.80013563172511}