{"Acc": 0.8161066496496991, "IoU": 0.6852547730529103, "mIoU": 0.8075751745134748}