{"Acc": 0.7777420760999987, "IoU": 0.6413469329304947, "mIoU": 0.7802927876547533}