{"Acc": 0.7849265661783918, "IoU": 0.6346309365124845, "mIoU": 0.7753032294224964}