{"Acc": 0.7909487365992985, "IoU": 0.5693054780917456, "mIoU": 0.7289604385237629}