{"Acc": 0.7771225574755997, "IoU": 0.6438659932410995, "mIoU": 0.7820292192052751}