{"Acc": 0.776590670242113, "IoU": 0.5975908935519376, "mIoU": 0.7502532252794494}