{"Acc": 0.8073470414936241, "IoU": 0.6374442680486366, "mIoU": 0.7758531343914776}