{"Acc": 0.8068427597532454, "IoU": 0.6733364318118197, "mIoU": 0.8001283339359853}