{"Acc": 0.7920680430465936, "IoU": 0.6081223388223082, "mIoU": 0.756545661672988}