{"Acc": 0.7680352143373943, "IoU": 0.6009397324013032, "mIoU": 0.7532023150266782}