{"Acc": 0.801401267669923, "IoU": 0.6428630651972397, "mIoU": 0.7799136706716574}