{"Acc": 0.7501394719390163, "IoU": 0.5945443170881315, "mIoU": 0.7500182889352388}