{"Acc": 0.3982943056309212, "IoU": 0.30040159238038266, "mIou": 0.5520483524547625}