{"Acc": 0.7885071041224712, "IoU": 0.5519891924651288, "mIou": 0.7021792949833482}