{"Acc": 0.7626646205814265, "IoU": 0.47182872605526793, "mIou": 0.6380272411605106}