{"Acc": 0.774997132932159, "IoU": 0.540534392924217, "mIou": 0.6945209237626234}