{"Acc": 0.6914653223800585, "IoU": 0.42738450591734606, "mIou": 0.6091762460105254}