{"Acc": 0.6340007437000218, "IoU": 0.39243997429210326, "mIou": 0.5869051698252978}