{"Acc": 0.7687177330752393, "IoU": 0.5153434280459837, "mIou": 0.674665793101765}