{"Acc": 0.7708359376900519, "IoU": 0.4595663882763196, "mIou": 0.6256540849420699}