{"Acc": 0.7016621050086558, "IoU": 0.48260148776444356, "mIou": 0.6562392590969344}