{"Acc": 0.777541996958674, "IoU": 0.5022808054497133, "mIou": 0.6624968007793457}