{"Acc": 0.7990015156983755, "IoU": 0.5468431257376043, "mIou": 0.6968673787341639}