{"Acc": 0.19479331473396136, "IoU": 0.15294198333472736, "mIoU": 0.4537392938805338}