{"Acc": 0.42780677561444086, "IoU": 0.3179289337085982, "mIoU": 0.5487088146436849}