{"Acc": 0.7310123710911544, "IoU": 0.420036619331199, "mIoU": 0.5792383835007102}