{"Acc": 0.7816907979846149, "IoU": 0.47541291317046624, "mIoU": 0.6244596843331307}