{"Acc": 0.8246108110550164, "IoU": 0.533894866823514, "mIou": 0.6832152946024139}