{"Acc": 0.7895465465361104, "IoU": 0.4780087680168915, "mIou": 0.6395343878625506}