{"Acc": 0.7916204170975543, "IoU": 0.5267965459842084, "mIou": 0.6813221451585311}