{"Acc": 0.7976918490378319, "IoU": 0.5420738918031102, "mIou": 0.6931479550835744}