{"Acc": 0.7911309552474292, "IoU": 0.5100565818059607, "mIou": 0.6673238132773913}