{"Acc": 0.7772944113773196, "IoU": 0.5025652317940317, "mIou": 0.6627730454813436}