{"s_Acc": 0.908092658641397, "s_IoU": 0.7330670284082321, "s_mIoU": 0.8165482890335096, "t_Acc": 0.44576289507479744, "t_IoU": 0.37546685196298285, "t_mIoU": 0.6084152160642666, "bn_loss": 0.15488973259925842, "s_adv": 0.5209990672089837, "t_adv": 0.9773160368204117}