{"s_Acc": 0.8949801637552636, "s_IoU": 0.7442530529698081, "s_mIoU": 0.8258204569733525, "t_Acc": 0.4024058493623796, "t_IoU": 0.35298837731561955, "t_mIoU": 0.5983150317639133, "bn_loss": 0.15053912997245789, "s_adv": 0.3310300155796788, "t_adv": 0.7594046980142594}