{"s_Acc": 0.9061065453039275, "s_IoU": 0.7289737011228896, "s_mIoU": 0.8135923221358099, "t_Acc": 0.4539832987068802, "t_IoU": 0.38097049611391726, "t_mIoU": 0.6114338649754122, "bn_loss": 0.15934035181999207, "s_adv": 0.5703456063162197, "t_adv": 0.884605211019516}