{"s_Acc": 0.8994738541860388, "s_IoU": 0.7440720900770539, "s_mIoU": 0.8253900943561758, "t_Acc": 0.43507182559986995, "t_IoU": 0.3693797458333448, "t_mIoU": 0.6054126120811235, "bn_loss": 0.14380815625190735, "s_adv": 0.27489401975815947, "t_adv": 0.7809770941734314}