{"s_Acc": 0.9018036552913863, "s_IoU": 0.745739628200871, "s_mIoU": 0.8264790598540854, "t_Acc": 0.4374671455339975, "t_IoU": 0.3614006943168042, "t_mIoU": 0.5981536202337283, "bn_loss": 0.14581134915351868, "s_adv": 0.3619672049852935, "t_adv": 0.9299705713987351}