{"s_Acc": 0.9057356858797847, "s_IoU": 0.7349002544507781, "s_mIoU": 0.8180957150614577, "t_Acc": 0.5089406145246314, "t_IoU": 0.4068773842083835, "t_mIoU": 0.622985456231331, "bn_loss": 0.1451917439699173, "s_adv": 0.44537029550834134, "t_adv": 1.0048113480210303}