{"s_Acc": 0.896771060344693, "s_IoU": 0.7499708833109837, "s_mIoU": 0.8299456134126502, "t_Acc": 0.4395411329164826, "t_IoU": 0.3691653209592075, "t_mIoU": 0.6043406957904243, "bn_loss": 0.140632763504982, "s_adv": 0.22934311526742848, "t_adv": 0.8172204419970512}