{"s_Acc": 0.9009622696102727, "s_IoU": 0.7389831386744169, "s_mIoU": 0.8214896753623167, "t_Acc": 0.41358999206343094, "t_IoU": 0.3609909916868529, "t_mIoU": 0.6027121649742972, "bn_loss": 0.15205980837345123, "s_adv": 0.37915407053448935, "t_adv": 0.7752717480063438}