{"s_Acc": 0.9068098271122903, "s_IoU": 0.7369819814517351, "s_mIoU": 0.8195886779564205, "t_Acc": 0.42562018882374686, "t_IoU": 0.3598128571741951, "t_mIoU": 0.5992442422219242, "bn_loss": 0.15484143793582916, "s_adv": 0.3389385078441013, "t_adv": 0.9571486622095108}