{"s_Acc": 0.9015493046357728, "s_IoU": 0.7356699804908678, "s_mIoU": 0.8189643992863007, "t_Acc": 0.41789740817073634, "t_IoU": 0.35765157195453345, "t_mIoU": 0.5990109204323406, "bn_loss": 0.15899525582790375, "s_adv": 0.5077589025551622, "t_adv": 0.8576521158218384}