{"s_Acc": 0.896544966714534, "s_IoU": 0.7421716049396103, "s_mIoU": 0.8241679785957468, "t_Acc": 0.44733305981485205, "t_IoU": 0.37864562627262327, "t_mIoU": 0.6107687908209094, "bn_loss": 0.15148431062698364, "s_adv": 0.37228622897104785, "t_adv": 0.9400743022561073}