{"s_Acc": 0.89028414553693, "s_IoU": 0.7448717324855627, "s_mIoU": 0.8265872027710208, "t_Acc": 0.39131255172844115, "t_IoU": 0.3451504443284831, "t_mIoU": 0.5940676030390006, "bn_loss": 0.15130960941314697, "s_adv": 0.4723594330928542, "t_adv": 0.9263515681028366}