{"s_Acc": 0.8947859575233656, "s_IoU": 0.7477594866902219, "s_mIoU": 0.8284352413905386, "t_Acc": 0.46355217911667396, "t_IoU": 0.38619293628938095, "t_mIoU": 0.6139799117899962, "bn_loss": 0.14103960990905762, "s_adv": 0.2346075861291452, "t_adv": 0.8515273541212082}