{"s_Acc": 0.895151764366798, "s_IoU": 0.7418292428254635, "s_mIoU": 0.8240055440986462, "t_Acc": 0.4416654675651112, "t_IoU": 0.37877152293886385, "t_mIoU": 0.6119624008077503, "bn_loss": 0.14907662570476532, "s_adv": 0.3278262493285266, "t_adv": 0.8961463615298271}