{"s_Acc": 0.9110004749800134, "s_IoU": 0.7322026329111395, "s_mIoU": 0.815689941852872, "t_Acc": 0.46480786093315135, "t_IoU": 0.3669006846970094, "t_mIoU": 0.5973003753086549, "bn_loss": 0.1432499885559082, "s_adv": 0.2540497996590354, "t_adv": 0.8423955783247947}