{"s_Acc": 0.8948111455738701, "s_IoU": 0.7508720611150203, "s_mIoU": 0.8307367588533523, "t_Acc": 0.41984630234578263, "t_IoU": 0.3592238824205104, "t_mIoU": 0.599938224037825, "bn_loss": 0.14125007390975952, "s_adv": 0.2832833203402432, "t_adv": 0.9143584951758384}