{"s_Acc": 0.9019276493646716, "s_IoU": 0.7375635993692705, "s_mIoU": 0.8203600437006704, "t_Acc": 0.5020988360332034, "t_IoU": 0.4091853047770899, "t_mIoU": 0.6260922303653278, "bn_loss": 0.14567048847675323, "s_adv": 0.36887390268119896, "t_adv": 0.8286708742380142}