{"s_Acc": 0.9029047436210139, "s_IoU": 0.7325271931571566, "s_mIoU": 0.8165047702174186, "t_Acc": 0.4811532733772556, "t_IoU": 0.39138746410857056, "t_mIoU": 0.6150439058894192, "bn_loss": 0.1521175056695938, "s_adv": 0.41606504199179734, "t_adv": 1.0364005997776986}