{"s_Acc": 0.906992655680959, "s_IoU": 0.7293154677890173, "s_mIoU": 0.8137878985893532, "t_Acc": 0.48460423598998575, "t_IoU": 0.39401210092122774, "t_mIoU": 0.616607016679175, "bn_loss": 0.15596412122249603, "s_adv": 0.48885403844443237, "t_adv": 0.7526174649596215}