{"s_Acc": 0.8950615664444866, "s_IoU": 0.745981514697792, "s_mIoU": 0.8270989155462747, "t_Acc": 0.4590556732769411, "t_IoU": 0.3819363828164294, "t_mIoU": 0.611273480317523, "bn_loss": 0.14668262004852295, "s_adv": 0.2570753327824853, "t_adv": 0.8629497855901718}