{"s_Acc": 0.884691949206668, "s_IoU": 0.7470971568867932, "s_mIoU": 0.828595447724242, "t_Acc": 0.38150838409474364, "t_IoU": 0.3382221694858489, "t_mIoU": 0.5903394972673107, "bn_loss": 0.1607992947101593, "s_adv": 0.6583503037691116, "t_adv": 0.7531459197402001}