{"s_Acc": 0.8905964698778799, "s_IoU": 0.7515967653359418, "s_mIoU": 0.8315380107735332, "t_Acc": 0.41680926725678796, "t_IoU": 0.35861705546137224, "t_mIoU": 0.6000534826048272, "bn_loss": 0.14648307859897614, "s_adv": 0.2782208892432126, "t_adv": 0.8384047448635101}