{"s_Acc": 0.9066530474041731, "s_IoU": 0.7373453560739783, "s_mIoU": 0.8198727442700044, "t_Acc": 0.49213487707617476, "t_IoU": 0.4038538474942184, "t_mIoU": 0.6234344411660406, "bn_loss": 0.14247915148735046, "s_adv": 0.25934737853028555, "t_adv": 0.871423876285553}