{"s_Acc": 0.9045814144598647, "s_IoU": 0.7346787163219071, "s_mIoU": 0.8180089781896565, "t_Acc": 0.45554586385959245, "t_IoU": 0.37064300093435565, "t_mIoU": 0.6023997555266284, "bn_loss": 0.1565392166376114, "s_adv": 0.7338309342210944, "t_adv": 1.005979524552822}