{"s_Acc": 0.8935827696368643, "s_IoU": 0.7452248394806323, "s_mIoU": 0.826633738773313, "t_Acc": 0.40994733985944565, "t_IoU": 0.3574408130027429, "t_mIoU": 0.6004843509548934, "bn_loss": 0.14922559261322021, "s_adv": 0.32680640708316455, "t_adv": 0.7648929491639137}