{"s_Acc": 0.9065247118541291, "s_IoU": 0.7362755903515618, "s_mIoU": 0.8190767604827098, "t_Acc": 0.5130187430822506, "t_IoU": 0.4061916993675386, "t_mIoU": 0.6216951348425903, "bn_loss": 0.14313608407974243, "s_adv": 0.32076141983270645, "t_adv": 0.9307931706309318}