{"s_Acc": 0.8974771117158156, "s_IoU": 0.739461778133664, "s_mIoU": 0.8220833525574778, "t_Acc": 0.4892264850018644, "t_IoU": 0.40375578427617664, "t_mIoU": 0.6238665196963271, "bn_loss": 0.14396291971206665, "s_adv": 0.3767631331628019, "t_adv": 0.989895586669445}