{"s_Acc": 0.9016603865583538, "s_IoU": 0.737326378958115, "s_mIoU": 0.8202003461874605, "t_Acc": 0.4430331433003188, "t_IoU": 0.3745703775909019, "t_mIoU": 0.6081967937011171, "bn_loss": 0.15239617228507996, "s_adv": 0.5430548367175189, "t_adv": 0.9825654715299607}