{"s_Acc": 0.904065489829548, "s_IoU": 0.7323305044305921, "s_mIoU": 0.8162749479999372, "t_Acc": 0.45319619144680445, "t_IoU": 0.3753495603282336, "t_mIoU": 0.606865037761905, "bn_loss": 0.15122726559638977, "s_adv": 0.5298725502057509, "t_adv": 1.009936937689781}