{"s_Acc": 0.8946434747473326, "s_IoU": 0.7397884861917732, "s_mIoU": 0.8225181126584601, "t_Acc": 0.4293859843410503, "t_IoU": 0.3674422105029464, "t_mIoU": 0.6049213125089514, "bn_loss": 0.1627756655216217, "s_adv": 0.5998265506191687, "t_adv": 0.9311463728547096}