{"s_Acc": 0.8985570166329834, "s_IoU": 0.7333472925080926, "s_mIoU": 0.817426092581274, "t_Acc": 0.4778594522317438, "t_IoU": 0.3909060963173296, "t_mIoU": 0.6152502134419174, "bn_loss": 0.1561695635318756, "s_adv": 0.6266667409376665, "t_adv": 0.9915066957473755}