{"s_Acc": 0.8973874751913609, "s_IoU": 0.7390200611569105, "s_mIoU": 0.8217592445008801, "t_Acc": 0.521516781638757, "t_IoU": 0.4086481431211993, "t_mIoU": 0.6222612628115131, "bn_loss": 0.14387768507003784, "s_adv": 0.30384850569746713, "t_adv": 0.9198348969221115}