{"s_Acc": 0.9016315307085189, "s_IoU": 0.7362435540475928, "s_mIoU": 0.8193895681037701, "t_Acc": 0.43578093709511573, "t_IoU": 0.3703236877833774, "t_mIoU": 0.6060643589746418, "bn_loss": 0.15933896601200104, "s_adv": 0.45629866285757587, "t_adv": 0.713665497303009}