{"s_Acc": 0.8935746480812039, "s_IoU": 0.7492429725122781, "s_mIoU": 0.8296111588238919, "t_Acc": 0.39903708228643187, "t_IoU": 0.3462393487424469, "t_mIoU": 0.5933164200943353, "bn_loss": 0.14908869564533234, "s_adv": 0.285607271912423, "t_adv": 0.7393989875912667}