{"s_Acc": 0.8927269373175715, "s_IoU": 0.7434446212053185, "s_mIoU": 0.8253678817689214, "t_Acc": 0.41670992265120005, "t_IoU": 0.3606827718664486, "t_mIoU": 0.6018144301676107, "bn_loss": 0.15180151164531708, "s_adv": 0.36367161775177176, "t_adv": 0.7611164048314094}