{"s_Acc": 0.9004637483135141, "s_IoU": 0.7457191405594025, "s_mIoU": 0.8265514621693963, "t_Acc": 0.40136505587746585, "t_IoU": 0.3500652534637449, "t_mIoU": 0.596066739265552, "bn_loss": 0.14392754435539246, "s_adv": 0.2693218656561591, "t_adv": 0.7667341649532318}