{"s_Acc": 0.9023789758149429, "s_IoU": 0.7359220126614691, "s_mIoU": 0.8190965843644931, "t_Acc": 0.4503586955228331, "t_IoU": 0.3798959295884124, "t_mIoU": 0.6112305481821773, "bn_loss": 0.15229055285453796, "s_adv": 0.5913891893896189, "t_adv": 0.9133218482136727}