{"s_Acc": 0.8894697443794625, "s_IoU": 0.7419346953485224, "s_mIoU": 0.8244612683705854, "t_Acc": 0.3585943283279718, "t_IoU": 0.3225391651674704, "t_mIoU": 0.5821716142231766, "bn_loss": 0.16197174787521362, "s_adv": 0.5602954869920557, "t_adv": 0.8694304913282395}