{"s_Acc": 0.9099433628158279, "s_IoU": 0.7364479614064436, "s_mIoU": 0.8189707528812074, "t_Acc": 0.45989152789003557, "t_IoU": 0.3836479894467638, "t_mIoU": 0.6125462682620427, "bn_loss": 0.14583063125610352, "s_adv": 0.3111814074218273, "t_adv": 0.9612303406000138}