{"s_Acc": 0.8987997650662249, "s_IoU": 0.7438464369501657, "s_mIoU": 0.8252664597780514, "t_Acc": 0.42339240979214826, "t_IoU": 0.3619062792558404, "t_mIoU": 0.6014758850289079, "bn_loss": 0.1485743373632431, "s_adv": 0.24381415783004326, "t_adv": 0.737006014585495}