{"s_Acc": 0.9069517110639429, "s_IoU": 0.7287670524295483, "s_mIoU": 0.8133752026789149, "t_Acc": 0.43502652805952635, "t_IoU": 0.3706343139357176, "t_mIoU": 0.6064743973169737, "bn_loss": 0.15408463776111603, "s_adv": 0.6274711923165754, "t_adv": 1.1557599022984504}