{"s_Acc": 0.9079513360876011, "s_IoU": 0.7346740514935105, "s_mIoU": 0.8177712400809216, "t_Acc": 0.5036359525677756, "t_IoU": 0.39253401546900907, "t_mIoU": 0.611844645301539, "bn_loss": 0.1407160460948944, "s_adv": 0.2960964424366301, "t_adv": 0.9346084997057915}