{"s_Acc": 0.8999876455045, "s_IoU": 0.7437370366015145, "s_mIoU": 0.8251065219839513, "t_Acc": 0.4266065352651351, "t_IoU": 0.3674961198522469, "t_mIoU": 0.6055228557482217, "bn_loss": 0.14577367901802063, "s_adv": 0.29718041115186433, "t_adv": 0.8653555884957314}