{"s_Acc": 0.8951565923883658, "s_IoU": 0.7473291512632417, "s_mIoU": 0.8280923770588473, "t_Acc": 0.46280276980959933, "t_IoU": 0.3834516296188254, "t_mIoU": 0.6118300396457678, "bn_loss": 0.14099371433258057, "s_adv": 0.24278140609914606, "t_adv": 0.8735466286540031}