{"s_Acc": 0.8887825934028492, "s_IoU": 0.7390808145319887, "s_mIoU": 0.8223846715484626, "t_Acc": 0.43779322782772895, "t_IoU": 0.3655987444867963, "t_mIoU": 0.6016708473651522, "bn_loss": 0.1546090543270111, "s_adv": 0.6566041315143759, "t_adv": 1.0569374486804008}