{"s_Acc": 0.903149438233492, "s_IoU": 0.7423093042001612, "s_mIoU": 0.8238310450612136, "t_Acc": 0.4351299224452112, "t_IoU": 0.36959365922935744, "t_mIoU": 0.6055807701427616, "bn_loss": 0.14476899802684784, "s_adv": 0.3045406680215489, "t_adv": 0.8450011745095253}