{"s_Acc": 0.8953732171080083, "s_IoU": 0.7420768653295559, "s_mIoU": 0.8241752705830792, "t_Acc": 0.4425620688796598, "t_IoU": 0.3770346968004032, "t_mIoU": 0.6103465562024019, "bn_loss": 0.15208348631858826, "s_adv": 0.4022307463667609, "t_adv": 0.9610356703400612}