{"s_Acc": 0.9083576384297642, "s_IoU": 0.7356954675435607, "s_mIoU": 0.8185131862196393, "t_Acc": 0.5027599001374226, "t_IoU": 0.4089866447168326, "t_mIoU": 0.6258136587310436, "bn_loss": 0.14123404026031494, "s_adv": 0.26234572617845103, "t_adv": 0.7783712074160576}