{"s_Acc": 0.8989609611041484, "s_IoU": 0.7453478124602414, "s_mIoU": 0.8263734928219357, "t_Acc": 0.47996423794187976, "t_IoU": 0.3926448605573355, "t_mIoU": 0.6163157279219895, "bn_loss": 0.14399661123752594, "s_adv": 0.24968194622885098, "t_adv": 0.8525279566645623}