{"s_Acc": 0.897634714807456, "s_IoU": 0.744183625571606, "s_mIoU": 0.8255942860115257, "t_Acc": 0.4563474203350758, "t_IoU": 0.38591046720757743, "t_mIoU": 0.6150959434606088, "bn_loss": 0.14549902081489563, "s_adv": 0.34261220829053357, "t_adv": 0.8357137307524681}