{"s_Acc": 0.8945124444875764, "s_IoU": 0.7365123196853339, "s_mIoU": 0.8200791106242833, "t_Acc": 0.45216724731847063, "t_IoU": 0.3845660847384027, "t_mIoU": 0.6147672609795547, "bn_loss": 0.15713217854499817, "s_adv": 0.6606639135967601, "t_adv": 1.0431737050414085}