{"s_Acc": 0.8985784620311098, "s_IoU": 0.7446152931007217, "s_mIoU": 0.8258535021617215, "t_Acc": 0.4620568103151999, "t_IoU": 0.38561341095974433, "t_mIoU": 0.613777664587118, "bn_loss": 0.14380396902561188, "s_adv": 0.19178769483485006, "t_adv": 0.7831752896308899}