{"s_Acc": 0.9056613193770325, "s_IoU": 0.7406671157286802, "s_mIoU": 0.8224337048788373, "t_Acc": 0.48157700036887996, "t_IoU": 0.38353855484955685, "t_mIoU": 0.6083265842882478, "bn_loss": 0.14202073216438293, "s_adv": 0.26704703914848243, "t_adv": 0.8685743629932403}