{"s_Acc": 0.8949926267876825, "s_IoU": 0.739459719041285, "s_mIoU": 0.8222492681426832, "t_Acc": 0.4713377063625445, "t_IoU": 0.3917925292879198, "t_mIoU": 0.6171924534814314, "bn_loss": 0.152400940656662, "s_adv": 0.5623943859880621, "t_adv": 0.9282753393054008}