{"Acc": 0.7590371715966168, "IoU": 0.5056220411886939, "mIoU": 0.6677879863510262}