{"Acc": 0.7178683114782503, "IoU": 0.4377104181412472, "mIoU": 0.614195146782813}