{"Acc": 0.6384280922009301, "IoU": 0.436211873438161, "mIoU": 0.6261177116890129}