{"Acc": 0.8245366892838188, "IoU": 0.5348875946534091, "mIoU": 0.684054000758914}