{"Acc": 0.7846418498569941, "IoU": 0.5518959144258284, "mIoU": 0.7025322478514252}