{"Acc": 0.7768895466458285, "IoU": 0.5700248040686934, "mIoU": 0.7176016047821381}