{"Acc": 0.8068107630967907, "IoU": 0.5589724093532064, "mIoU": 0.7057522458716561}