{"Acc": 0.6754504027051219, "IoU": 0.40505141263424776, "mIoU": 0.5910027281773407}