{"Acc": 0.7780655657457132, "IoU": 0.5775924181613096, "mIoU": 0.7233228727319744}