{"Acc": 0.21511890512264348, "IoU": 0.12878554923228394, "mIoU": 0.4161514273373478}