{"Acc": 0.23645515235672976, "IoU": 0.19739657941612732, "mIoU": 0.5003345665239562}