{"Acc": 0.8007737856168019, "IoU": 0.5448896744017985, "mIoU": 0.6950821597166248}