{"Acc": 0.13908292553120188, "IoU": 0.11628306222858636, "mIoU": 0.45211189828644605}