{"s_Acc": 0.9060830414469933, "s_IoU": 0.734061634476593, "s_mIoU": 0.8174395004562189, "t_Acc": 0.44305484212207275, "t_IoU": 0.3742168289039891, "t_mIoU": 0.6078963020218746, "bn_loss": 0.15165658295154572, "s_adv": 0.5267080996524204, "t_adv": 0.9758332028985024}