{"s_Acc": 0.9020938979833054, "s_IoU": 0.7333722813032493, "s_mIoU": 0.8171982918740253, "t_Acc": 0.47154694500088645, "t_IoU": 0.3904246587228231, "t_mIoU": 0.6160164445251322, "bn_loss": 0.15506300330162048, "s_adv": 0.5138650617816232, "t_adv": 0.7941910803318024}