{"s_Acc": 0.9010205052812755, "s_IoU": 0.7330764997918557, "s_mIoU": 0.8170505175461635, "t_Acc": 0.4786346101406694, "t_IoU": 0.3903911026238937, "t_mIoU": 0.6146751847125984, "bn_loss": 0.14916978776454926, "s_adv": 0.4162559367038987, "t_adv": 0.9975349500775337}