{"s_Acc": 0.8968585635572923, "s_IoU": 0.7450818996245485, "s_mIoU": 0.826313383846021, "t_Acc": 0.4635752778624121, "t_IoU": 0.38712229257340086, "t_mIoU": 0.6147497070922266, "bn_loss": 0.14022225141525269, "s_adv": 0.18947707844728773, "t_adv": 0.742531704902649}