{"s_Acc": 0.9170921656966523, "s_IoU": 0.7155150035393516, "s_mIoU": 0.8024874576129033, "t_Acc": 0.481549201878338, "t_IoU": 0.3857762634679136, "t_mIoU": 0.6102358512878359, "bn_loss": 0.15893734991550446, "s_adv": 0.6492727425965396, "t_adv": 1.3578700512647628}