{"s_Acc": 0.8910874684433586, "s_IoU": 0.747037544868094, "s_mIoU": 0.828139257078504, "t_Acc": 0.42756403327299325, "t_IoU": 0.36484440961234976, "t_mIoU": 0.6031043474842672, "bn_loss": 0.1444232016801834, "s_adv": 0.24193047765981068, "t_adv": 0.8553729370236397}