{"s_Acc": 0.9058109131925839, "s_IoU": 0.7292376982084903, "s_mIoU": 0.8138134232097607, "t_Acc": 0.451958458655695, "t_IoU": 0.37982758960455143, "t_mIoU": 0.6108667551278273, "bn_loss": 0.15665258467197418, "s_adv": 0.6062621392986991, "t_adv": 0.8875202894210815}