{"s_Acc": 0.8871445093100162, "s_IoU": 0.7459926347501644, "s_mIoU": 0.8276212526476252, "t_Acc": 0.3888411359263192, "t_IoU": 0.34350339903948396, "t_mIoU": 0.593209756833757, "bn_loss": 0.14801335334777832, "s_adv": 0.46164689416235144, "t_adv": 0.8908576920628548}