{"s_Acc": 0.899866982391831, "s_IoU": 0.7384438833566699, "s_mIoU": 0.8211601499834837, "t_Acc": 0.41830298614785216, "t_IoU": 0.36051382862201387, "t_mIoU": 0.6013452434196396, "bn_loss": 0.15412674844264984, "s_adv": 0.46444646404548123, "t_adv": 0.8866982936859131}