{"s_Acc": 0.9079867790056214, "s_IoU": 0.7371723272609675, "s_mIoU": 0.819651045385168, "t_Acc": 0.4590453738362007, "t_IoU": 0.3837730330965674, "t_mIoU": 0.6128108441561427, "bn_loss": 0.1423296481370926, "s_adv": 0.30582192743366415, "t_adv": 0.9234369769692421}