{"s_Acc": 0.8929774330412356, "s_IoU": 0.7397016854001381, "s_mIoU": 0.8225653340402245, "t_Acc": 0.43831799933263627, "t_IoU": 0.3776286321860192, "t_mIoU": 0.6116586407812151, "bn_loss": 0.14844277501106262, "s_adv": 0.604261426763101, "t_adv": 0.9071910917758942}