{"s_Acc": 0.8972007916907428, "s_IoU": 0.7457759251227728, "s_mIoU": 0.8268068287096191, "t_Acc": 0.4796449052816432, "t_IoU": 0.3934452739394308, "t_mIoU": 0.617042457823799, "bn_loss": 0.14032453298568726, "s_adv": 0.24263170632449063, "t_adv": 0.8322962507605552}