{"s_Acc": 0.904852532198132, "s_IoU": 0.7379401639251694, "s_mIoU": 0.8204429244412696, "t_Acc": 0.4947339859445632, "t_IoU": 0.40571133084871513, "t_mIoU": 0.6245106354165579, "bn_loss": 0.13889166712760925, "s_adv": 0.25517473539168184, "t_adv": 0.8398201033473015}