{"s_Acc": 0.907136672944467, "s_IoU": 0.7358714517585992, "s_mIoU": 0.818730235536175, "t_Acc": 0.5050740744777559, "t_IoU": 0.41075331250703934, "t_mIoU": 0.6268707042807948, "bn_loss": 0.1376655101776123, "s_adv": 0.25111318040977826, "t_adv": 0.748923271894455}