{"s_Acc": 0.8933029689450799, "s_IoU": 0.7421596372536966, "s_mIoU": 0.8243743500074764, "t_Acc": 0.4394790862856147, "t_IoU": 0.37776282876534184, "t_mIoU": 0.6115463319900861, "bn_loss": 0.14623890817165375, "s_adv": 0.30354610593481496, "t_adv": 0.8305532991886139}