{"s_Acc": 0.8934937693633138, "s_IoU": 0.7370476257897669, "s_mIoU": 0.8205489879145809, "t_Acc": 0.45146073568205247, "t_IoU": 0.38446089434486386, "t_mIoU": 0.6148130951120149, "bn_loss": 0.15411268174648285, "s_adv": 0.6408941860903393, "t_adv": 1.0164083436131477}