{"s_Acc": 0.906799123126489, "s_IoU": 0.7294064269202363, "s_mIoU": 0.8138706364127961, "t_Acc": 0.45891403096811845, "t_IoU": 0.39045604441275383, "t_mIoU": 0.618372866018281, "bn_loss": 0.1481350064277649, "s_adv": 0.3700637824156068, "t_adv": 0.6746608957648277}