{"s_Acc": 0.9045947383023306, "s_IoU": 0.7384671846920181, "s_mIoU": 0.820856143626489, "t_Acc": 0.5062685596172127, "t_IoU": 0.41038951764751513, "t_mIoU": 0.6263643540250274, "bn_loss": 0.13921089470386505, "s_adv": 0.2536079927601598, "t_adv": 0.8838886693120003}