{"s_Acc": 0.9065571980767707, "s_IoU": 0.7288516059378568, "s_mIoU": 0.8134675506257121, "t_Acc": 0.4327772501953144, "t_IoU": 0.36916548104021235, "t_mIoU": 0.6056896520728847, "bn_loss": 0.152694970369339, "s_adv": 0.7135981673544104, "t_adv": 1.1903657659888267}