{"s_Acc": 0.9101169844596465, "s_IoU": 0.733785528119279, "s_mIoU": 0.8169493107630432, "t_Acc": 0.5214439355942972, "t_IoU": 0.4101591887744271, "t_mIoU": 0.6235407094691003, "bn_loss": 0.1400795578956604, "s_adv": 0.2709194601259448, "t_adv": 0.9024850040674209}