{"s_Acc": 0.8925789528425426, "s_IoU": 0.7452653027321918, "s_mIoU": 0.8267292785012774, "t_Acc": 0.398937437697133, "t_IoU": 0.3508635954893136, "t_mIoU": 0.5972585287945826, "bn_loss": 0.14735035598278046, "s_adv": 0.32645147903399035, "t_adv": 0.7810631230473518}