{"s_Acc": 0.8948987610660406, "s_IoU": 0.7502406508414912, "s_mIoU": 0.8302644745559855, "t_Acc": 0.44089450942813807, "t_IoU": 0.3705518878467302, "t_mIoU": 0.6052411986430654, "bn_loss": 0.1370404064655304, "s_adv": 0.22484352134845473, "t_adv": 0.8036044180393219}