{"s_Acc": 0.898184398162223, "s_IoU": 0.741753409721682, "s_mIoU": 0.8237470252441148, "t_Acc": 0.5084968386216628, "t_IoU": 0.40700435625791537, "t_mIoU": 0.6231691055617617, "bn_loss": 0.14095991849899292, "s_adv": 0.27985207397829404, "t_adv": 0.7934519812464714}