{"s_Acc": 0.8885165282452923, "s_IoU": 0.75176586028466, "s_mIoU": 0.8317934893556278, "t_Acc": 0.41818004282367466, "t_IoU": 0.3600147534487628, "t_mIoU": 0.6009499535230726, "bn_loss": 0.1426462084054947, "s_adv": 0.27078863097862765, "t_adv": 0.8295430257916451}