{"s_Acc": 0.89869309947345, "s_IoU": 0.7333652572021039, "s_mIoU": 0.8174301209060061, "t_Acc": 0.474997707624476, "t_IoU": 0.38925541049520795, "t_mIoU": 0.6143995975273604, "bn_loss": 0.15432222187519073, "s_adv": 0.5539369799874045, "t_adv": 0.936410428583622}