{"s_Acc": 0.8961882170898565, "s_IoU": 0.7375039230947158, "s_mIoU": 0.8207067169200841, "t_Acc": 0.4600322202504404, "t_IoU": 0.38671030177851595, "t_mIoU": 0.6150696781577043, "bn_loss": 0.1496305912733078, "s_adv": 0.5340320765972137, "t_adv": 0.8444281965494156}