{"s_Acc": 0.8948882442128583, "s_IoU": 0.7457872076936816, "s_mIoU": 0.8269659850346727, "t_Acc": 0.387786293204279, "t_IoU": 0.338521349660263, "t_mIoU": 0.5891937052404635, "bn_loss": 0.15030726790428162, "s_adv": 0.28115228563547134, "t_adv": 0.7868961989879608}