{"s_Acc": 0.8787132117387992, "s_IoU": 0.7498377499944349, "s_mIoU": 0.8309936423481339, "t_Acc": 0.396402225359163, "t_IoU": 0.3487077343650148, "t_mIoU": 0.5959796745355697, "bn_loss": 0.15043628215789795, "s_adv": 0.3634166345000267, "t_adv": 0.822965458035469}