{"s_Acc": 0.9049027960195695, "s_IoU": 0.734629385825652, "s_mIoU": 0.8179495058607978, "t_Acc": 0.5087574744691363, "t_IoU": 0.4076479658027182, "t_mIoU": 0.6236591981284785, "bn_loss": 0.1422339379787445, "s_adv": 0.4246253933418881, "t_adv": 0.9639619171619416}