{"s_Acc": 0.901301316489202, "s_IoU": 0.7358629737388395, "s_mIoU": 0.8191264665998483, "t_Acc": 0.41631629402523446, "t_IoU": 0.356663756997523, "t_mIoU": 0.5985030032849413, "bn_loss": 0.15769103169441223, "s_adv": 0.5131645371968095, "t_adv": 0.8583956837654114}