{"s_Acc": 0.882916360065465, "s_IoU": 0.7481468422488761, "s_mIoU": 0.8294831697490798, "t_Acc": 0.3815986791917199, "t_IoU": 0.33847592200176335, "t_mIoU": 0.5905354872063536, "bn_loss": 0.1569966822862625, "s_adv": 0.6597987623377279, "t_adv": 0.7311820939183236}