{"s_Acc": 0.8976694466215246, "s_IoU": 0.7385330125130799, "s_mIoU": 0.8213759453999139, "t_Acc": 0.42860327684206745, "t_IoU": 0.36469740987709753, "t_mIoU": 0.6027699730428818, "bn_loss": 0.15784421563148499, "s_adv": 0.6433813761581074, "t_adv": 0.8167628824710846}