{"s_Acc": 0.8889121640281779, "s_IoU": 0.7385240247770648, "s_mIoU": 0.8219612842309563, "t_Acc": 0.43626306091579226, "t_IoU": 0.3635489942352861, "t_mIoU": 0.6002376790812272, "bn_loss": 0.15254509449005127, "s_adv": 0.6638256988742135, "t_adv": 1.0905166193842888}