{"s_Acc": 0.9000122347306239, "s_IoU": 0.7378225777947087, "s_mIoU": 0.8206848668038322, "t_Acc": 0.43679498203247563, "t_IoU": 0.37127326403819055, "t_mIoU": 0.6066600184081723, "bn_loss": 0.1490812599658966, "s_adv": 0.5428373644297774, "t_adv": 0.9871945410966874}