{"s_Acc": 0.898157600771196, "s_IoU": 0.7353696303452935, "s_mIoU": 0.8189727019343676, "t_Acc": 0.48681936570844203, "t_IoU": 0.40371580964666454, "t_mIoU": 0.6242578165292711, "bn_loss": 0.14630118012428284, "s_adv": 0.49649346619844437, "t_adv": 0.8684534192085266}