{"s_Acc": 0.8912328330617229, "s_IoU": 0.7440315373899573, "s_mIoU": 0.8259019421910883, "t_Acc": 0.41416581079647374, "t_IoU": 0.3592973170827235, "t_mIoU": 0.6011728400125413, "bn_loss": 0.14896750450134277, "s_adv": 0.35834506221792917, "t_adv": 0.7716084331274032}