{"s_Acc": 0.9040138786532544, "s_IoU": 0.7324732547732177, "s_mIoU": 0.8163862708835488, "t_Acc": 0.45310719627924206, "t_IoU": 0.37524300372247893, "t_mIoU": 0.6067924407362649, "bn_loss": 0.1509980410337448, "s_adv": 0.5419783185828816, "t_adv": 1.023190699517727}