{"s_Acc": 0.8934729602160918, "s_IoU": 0.7403895090421742, "s_mIoU": 0.823044830053987, "t_Acc": 0.4260134174714313, "t_IoU": 0.36564350482316216, "t_mIoU": 0.6040894979028674, "bn_loss": 0.15944942831993103, "s_adv": 0.580076281319965, "t_adv": 0.904267193377018}