{"s_Acc": 0.8887963663636004, "s_IoU": 0.7433282753043503, "s_mIoU": 0.8255402035172322, "t_Acc": 0.41597406260840036, "t_IoU": 0.3605145745690105, "t_mIoU": 0.6018240682690468, "bn_loss": 0.15512004494667053, "s_adv": 0.6448101347142999, "t_adv": 0.6965757951140403}