{"s_Acc": 0.8984979575784575, "s_IoU": 0.7335758664837865, "s_mIoU": 0.817602035065981, "t_Acc": 0.4303438323299045, "t_IoU": 0.3675179859709128, "t_mIoU": 0.6047930342860888, "bn_loss": 0.15777508914470673, "s_adv": 0.6235885769128799, "t_adv": 0.8135846123099327}