{"s_Acc": 0.8944209740634564, "s_IoU": 0.7432865949366672, "s_mIoU": 0.825138712584808, "t_Acc": 0.41321271254970854, "t_IoU": 0.35895013410624393, "t_mIoU": 0.6010775239933704, "bn_loss": 0.1459818333387375, "s_adv": 0.31766256656159053, "t_adv": 0.828087231516838}