{"s_Acc": 0.9037763325068184, "s_IoU": 0.7238846823854771, "s_mIoU": 0.8098985814772398, "t_Acc": 0.4831916626927158, "t_IoU": 0.38967851463472075, "t_mIoU": 0.6132282894437568, "bn_loss": 0.15564663708209991, "s_adv": 0.609923622824929, "t_adv": 0.9798809930682182}