{"s_Acc": 0.8986978526419701, "s_IoU": 0.7400137251395951, "s_mIoU": 0.8224135966965813, "t_Acc": 0.40925112766376787, "t_IoU": 0.3582785124074378, "t_mIoU": 0.6013317697514962, "bn_loss": 0.14882460236549377, "s_adv": 0.3795513002709909, "t_adv": 0.803387887775898}