{"s_Acc": 0.8916409318770274, "s_IoU": 0.7491314422299301, "s_mIoU": 0.829652274046637, "t_Acc": 0.39950810670980563, "t_IoU": 0.34686207218525167, "t_mIoU": 0.5937450389222592, "bn_loss": 0.1455807387828827, "s_adv": 0.290899394588037, "t_adv": 0.7528191849589347}