{"s_Acc": 0.9100413454550857, "s_IoU": 0.7315779150674546, "s_mIoU": 0.8152847366705629, "t_Acc": 0.46467576810579186, "t_IoU": 0.3676270543500661, "t_mIoU": 0.5979592673304989, "bn_loss": 0.13963545858860016, "s_adv": 0.24568273838270793, "t_adv": 0.8051775842905045}