{"s_Acc": 0.9046013253705161, "s_IoU": 0.7408499511000399, "s_mIoU": 0.8226420167280744, "t_Acc": 0.485026563057626, "t_IoU": 0.38680986640366466, "t_mIoU": 0.6104557826063488, "bn_loss": 0.1384059190750122, "s_adv": 0.2710609022866596, "t_adv": 0.8729489415884018}