{"s_Acc": 0.8907219984386403, "s_IoU": 0.7470436737023228, "s_mIoU": 0.8281673902862944, "t_Acc": 0.4281942490522765, "t_IoU": 0.3664808976001617, "t_mIoU": 0.6043535438764192, "bn_loss": 0.14095516502857208, "s_adv": 0.2556251351806251, "t_adv": 0.8770000651478768}