{"s_Acc": 0.895082824709994, "s_IoU": 0.7421476350826223, "s_mIoU": 0.8242472701475401, "t_Acc": 0.4455418570771607, "t_IoU": 0.37793060611082996, "t_mIoU": 0.6105176709094949, "bn_loss": 0.14850927889347076, "s_adv": 0.3471442620185288, "t_adv": 0.9149747744202614}