{"s_Acc": 0.8987701232593907, "s_IoU": 0.7459564042923813, "s_mIoU": 0.8268385782012566, "t_Acc": 0.40223255877205866, "t_IoU": 0.3506544570221982, "t_mIoU": 0.5963807450466241, "bn_loss": 0.14023609459400177, "s_adv": 0.258253659714352, "t_adv": 0.7252383470535279}