{"s_Acc": 0.8981696146853296, "s_IoU": 0.7453839512027838, "s_mIoU": 0.8264521597511049, "t_Acc": 0.474415039263368, "t_IoU": 0.39142310944314085, "t_mIoU": 0.6163184054533403, "bn_loss": 0.1385919600725174, "s_adv": 0.2736540020189502, "t_adv": 0.8864861384034157}