{"s_Acc": 0.9009630181407483, "s_IoU": 0.7366433173975668, "s_mIoU": 0.8197355756778458, "t_Acc": 0.4480393214648445, "t_IoU": 0.37886857165953247, "t_mIoU": 0.6108188686912173, "bn_loss": 0.1489175260066986, "s_adv": 0.5702856961976398, "t_adv": 0.8708471059799194}