{"s_Acc": 0.9069827750786809, "s_IoU": 0.7292839729506035, "s_mIoU": 0.8137647414008269, "t_Acc": 0.48206497387191877, "t_IoU": 0.39251296075779435, "t_mIoU": 0.6158187201585772, "bn_loss": 0.15436400473117828, "s_adv": 0.78413225710392, "t_adv": 1.0758420467376708}