{"s_Acc": 0.8961983222512773, "s_IoU": 0.7391868615454124, "s_mIoU": 0.8219642214624516, "t_Acc": 0.5208681668585395, "t_IoU": 0.41096801338964845, "t_mIoU": 0.6243170855890796, "bn_loss": 0.1408594399690628, "s_adv": 0.3021234710785476, "t_adv": 0.9184473350644111}