{"s_Acc": 0.8938820321210146, "s_IoU": 0.7425843625503799, "s_mIoU": 0.8246519797950682, "t_Acc": 0.44099770382468234, "t_IoU": 0.3764814532870702, "t_mIoU": 0.6101886129807309, "bn_loss": 0.14908280968666077, "s_adv": 0.396237927404317, "t_adv": 0.923107984662056}