{"s_Acc": 0.9045628134775457, "s_IoU": 0.734701909575027, "s_mIoU": 0.818027735551608, "t_Acc": 0.4555992109628447, "t_IoU": 0.37063915338948406, "t_mIoU": 0.6023858046632181, "bn_loss": 0.15651002526283264, "s_adv": 0.7337586066939614, "t_adv": 1.0062761649489402}