{"Acc": 0.7957617222232566, "IoU": 0.6053051804595434, "mIoU": 0.7543153131403055}