{"Acc": 0.7826587428201643, "IoU": 0.6606861968585462, "mIoU": 0.7929895463035603}