{"Acc": 0.7832689526154921, "IoU": 0.603793543725596, "mIoU": 0.7541277415036632}