{"Acc": 0.8031031784194379, "IoU": 0.585415692699493, "mIoU": 0.7396528385120167}