{"Acc": 0.7634167511416156, "IoU": 0.6237196026093383, "mIoU": 0.7692129801816574}