{"Acc": 0.7884436985968064, "IoU": 0.6332498884967297, "mIoU": 0.7741447797164657}