{"Acc": 0.7857605088655362, "IoU": 0.5959845797109353, "mIoU": 0.7484636127693729}