{"Acc": 0.7698022868904081, "IoU": 0.5882701264856496, "mIoU": 0.7441855280199102}