{"Acc": 0.8138484561146488, "IoU": 0.6728063273621794, "mIoU": 0.7994087263708632}