{"Acc": 0.795448752969998, "IoU": 0.6321510767398779, "mIoU": 0.7729586321245381}