{"Acc": 0.7919688558678686, "IoU": 0.6148427716840755, "mIoU": 0.7612378269053841}