{"Acc": 0.7740445449940648, "IoU": 0.5961120921069838, "mIoU": 0.7493977063060847}