{"Acc": 0.7839083728744572, "IoU": 0.6053019412277919, "mIoU": 0.7551379897003874}