{"Acc": 0.781978556309749, "IoU": 0.5786081378485439, "mIoU": 0.7363871287281301}