{"Acc": 0.7840264987054307, "IoU": 0.5895921148742628, "mIoU": 0.7440668170161976}