{"Acc": 0.7676782688916266, "IoU": 0.6027690075009495, "mIoU": 0.7545013168267665}