{"Acc": 0.7863270634624607, "IoU": 0.5762957327293862, "mIoU": 0.7343865333098019}