{"Acc": 0.7755516123212945, "IoU": 0.5891967041370941, "mIoU": 0.7444144765263387}