{"Acc": 0.7895890055666798, "IoU": 0.5957877216319357, "mIoU": 0.7480476704294391}