{"Acc": 0.785134891353125, "IoU": 0.6319219335052081, "mIoU": 0.7734428642661131}