{"Acc": 0.8063545277181621, "IoU": 0.6563694820880567, "mIoU": 0.7887808203937579}