{"Acc": 0.7881580138425498, "IoU": 0.6236090891635689, "mIoU": 0.7675520992909528}