{"Acc": 0.7819365060818754, "IoU": 0.6521230143379663, "mIoU": 0.7873034017126295}