{"Acc": 0.7769065284423248, "IoU": 0.6398853854862154, "mIoU": 0.7793548056992143}