{"Acc": 0.7881775944830101, "IoU": 0.6249787149668717, "mIoU": 0.7684933117198323}