{"Acc": 0.8071457781892208, "IoU": 0.6810226990503672, "mIoU": 0.8052186899968188}