{"Acc": 0.8026656634530877, "IoU": 0.6620133177733395, "mIoU": 0.7927824384069146}