{"Acc": 0.7803145228647311, "IoU": 0.6324406240812961, "mIoU": 0.7740951648425538}