{"Acc": 0.7681857605730643, "IoU": 0.6087736922021433, "mIoU": 0.758633280323681}