{"Acc": 0.8060701269403291, "IoU": 0.6490927913129227, "mIoU": 0.7838734773839304}