{"Acc": 0.7939124751791308, "IoU": 0.6614273103154659, "mIoU": 0.7928689676170233}