{"Acc": 0.774180967489075, "IoU": 0.6161691901992273, "mIoU": 0.7633388493286464}