{"Acc": 0.784922714249121, "IoU": 0.5878322665449952, "mIoU": 0.7427499032093505}