{"Acc": 0.778603303286145, "IoU": 0.6174577419721075, "mIoU": 0.7639354357514105}