{"Acc": 0.765852454417232, "IoU": 0.6210083967995336, "mIoU": 0.7672053894163902}