{"Acc": 0.7978905551336266, "IoU": 0.647601604358185, "mIoU": 0.7833382082610891}