{"Acc": 0.7809237696777411, "IoU": 0.5862061986084757, "mIoU": 0.741893029340736}