{"Acc": 0.7934775281656278, "IoU": 0.5970499870418546, "mIoU": 0.7486592350128587}