{"Acc": 0.8015524558938049, "IoU": 0.6695363320389094, "mIoU": 0.7978735980921731}