{"Acc": 0.7802612378431507, "IoU": 0.6348290823182094, "mIoU": 0.7757238498425361}