{"Acc": 0.8059831375376285, "IoU": 0.6430479212002209, "mIoU": 0.7797666534518473}