{"Acc": 0.7604661733201254, "IoU": 0.6121963434071557, "mIoU": 0.7615154478889377}