{"Acc": 0.77076109628475, "IoU": 0.6185103167523617, "mIoU": 0.765174352991568}