{"Acc": 0.774598259826753, "IoU": 0.6347657667989971, "mIoU": 0.7760269778311192}