{"Acc": 0.7950587451313219, "IoU": 0.6635426389068975, "mIoU": 0.794220826531547}