{"Acc": 0.803123080054004, "IoU": 0.6655960853595502, "mIoU": 0.7951579354406683}