{"Acc": 0.7975034362419037, "IoU": 0.6698085510262347, "mIoU": 0.7982688911517574}