{"Acc": 0.7893505069459914, "IoU": 0.6551654591309046, "mIoU": 0.7889261599948092}