{"Acc": 0.7840996853615774, "IoU": 0.6133260251464566, "mIoU": 0.7607120803304779}