{"Acc": 0.7690710623171537, "IoU": 0.5752001037130222, "mIoU": 0.7349511024575075}