{"Acc": 0.7755413405099055, "IoU": 0.6171281430659, "mIoU": 0.7639098935119264}