{"Acc": 0.8189914236794784, "IoU": 0.6684366435516488, "mIoU": 0.7962097603239093}