{"Acc": 0.8002245032776708, "IoU": 0.5831805762194837, "mIoU": 0.73826538196088}