{"Acc": 0.7860057483624485, "IoU": 0.611847089513453, "mIoU": 0.7595565349314224}