{"Acc": 0.7904682084227569, "IoU": 0.6401738108669487, "mIoU": 0.7787380716783421}