{"Acc": 0.804235645625075, "IoU": 0.6408793269758344, "mIoU": 0.7783916222921903}