{"Acc": 0.7840165478881477, "IoU": 0.6166922689257252, "mIoU": 0.7630493796177589}