{"Acc": 0.7876363984204522, "IoU": 0.6092702783770148, "mIoU": 0.7576514218101962}