{"Acc": 0.7803517581810163, "IoU": 0.6011696244827346, "mIoU": 0.7524954950371268}