{"Acc": 0.7840971174087301, "IoU": 0.6443517679535422, "mIoU": 0.7819471118337897}