{"Acc": 0.7745793211745046, "IoU": 0.5738807244451484, "mIoU": 0.7335728507243473}