{"Acc": 0.7797839196076681, "IoU": 0.6048983941773053, "mIoU": 0.7551425873911095}