{"Acc": 0.8071473831597504, "IoU": 0.6745505207898805, "mIoU": 0.8009209184510844}