{"Acc": 0.7621154410362717, "IoU": 0.6016262572972272, "mIoU": 0.7540952825358217}