{"Acc": 0.793576394350247, "IoU": 0.6290543825995223, "mIoU": 0.7709513173360478}