{"Acc": 0.7790343983703771, "IoU": 0.6514045115720287, "mIoU": 0.7869864450664776}