{"Acc": 0.7875118527073606, "IoU": 0.6432451281782369, "mIoU": 0.7809973571447074}