{"Acc": 0.7796795965232486, "IoU": 0.6450734186896975, "mIoU": 0.7826931324948166}