{"Acc": 0.8008221943028682, "IoU": 0.6706392717753822, "mIoU": 0.7986471209355933}