{"Acc": 0.7867581585466927, "IoU": 0.5871043311731163, "mIoU": 0.7420944512580268}