{"Acc": 0.7844139385912596, "IoU": 0.5945055538552937, "mIoU": 0.7475169701283169}