{"Acc": 0.7848915778208481, "IoU": 0.6326153728337518, "mIoU": 0.7739312583941171}