{"Acc": 0.8031985136688921, "IoU": 0.6512419477121495, "mIoU": 0.7854956050794627}