{"Acc": 0.7883172269190794, "IoU": 0.657480519438797, "mIoU": 0.7905358445383961}