{"Acc": 0.7867382569121266, "IoU": 0.6284831817220224, "mIoU": 0.7709904394678313}