{"Acc": 0.78620636967864, "IoU": 0.6535068059228711, "mIoU": 0.7879901000956593}