{"Acc": 0.7833113238374717, "IoU": 0.6334313400512971, "mIoU": 0.7745852255847974}