{"Acc": 0.7622021094448663, "IoU": 0.5883260208779109, "mIoU": 0.7447876131623821}