{"Acc": 0.7975788698567917, "IoU": 0.5797494215257069, "mIoU": 0.7359980344154264}