{"Acc": 0.7891190701956331, "IoU": 0.5834154852532359, "mIoU": 0.739282233536708}