{"Acc": 0.77810736739252, "IoU": 0.6264206557007638, "mIoU": 0.7701237237872427}