{"Acc": 0.7972122945878468, "IoU": 0.6753302726149455, "mIoU": 0.8019519124229668}