{"Acc": 0.7890304758224029, "IoU": 0.6474677185945426, "mIoU": 0.7837631056511534}