{"Acc": 0.8047402483595596, "IoU": 0.6539144619553126, "mIoU": 0.7872145248392957}