{"Acc": 0.7998136308221109, "IoU": 0.6483486173838761, "mIoU": 0.7837323086180826}