{"Acc": 0.8130816011956389, "IoU": 0.6769869534249431, "mIoU": 0.802236657919347}