{"Acc": 0.7882799916027942, "IoU": 0.6366260101585534, "mIoU": 0.7764570645279687}