{"Acc": 0.7907969063872049, "IoU": 0.611611645905872, "mIoU": 0.7590682693325754}