{"Acc": 0.7909082913419544, "IoU": 0.6776032114412407, "mIoU": 0.8037779926445248}