{"Acc": 0.8060691639580114, "IoU": 0.6722127489847872, "mIoU": 0.799420021011159}