{"Acc": 0.7751400978775228, "IoU": 0.5810289661398419, "mIoU": 0.7386448556263455}