{"Acc": 0.769597171656734, "IoU": 0.5728345807642851, "mIoU": 0.7332149819340388}