{"Acc": 0.7820218905140464, "IoU": 0.6034384536123331, "mIoU": 0.7539664865183431}