{"Acc": 0.79527060124122, "IoU": 0.652004535960169, "mIoU": 0.7864646719925047}