{"Acc": 0.7938248437882184, "IoU": 0.6217212514069064, "mIoU": 0.7658830206605823}