{"Acc": 0.5541526686486983, "IoU": 0.40146151409772296, "mIoU": 0.6270816893905905}