{"Acc": 0.8192251073885781, "IoU": 0.568143746166869, "mIoU": 0.7258080432195182}