{"Acc": 0.5520254407088577, "IoU": 0.39195052098646244, "mIoU": 0.6196634509970012}