{"Acc": 0.48092749320936967, "IoU": 0.3362106301553812, "mIoU": 0.5845536606542537}