{"Acc": 0.821395669532716, "IoU": 0.6241493873296, "mIoU": 0.7657758278694866}