{"Acc": 0.7283192556018286, "IoU": 0.4952618376569856, "mIoU": 0.6793432797445399}