{"Acc": 0.38594148534244616, "IoU": 0.2957574219042109, "mIoU": 0.568342517707514}