{"Acc": 0.8288703382828484, "IoU": 0.5788924900623976, "mIoU": 0.7329289932309908}