{"Acc": 0.4878898553664758, "IoU": 0.35966316082397676, "mIoU": 0.6033030482221198}