{"Acc": 0.779281242837819, "IoU": 0.5437615336252702, "mIoU": 0.7111570599456889}