{"Acc": 0.5112014103197037, "IoU": 0.3535903960070693, "mIoU": 0.5941198487208478}