{"Acc": 0.7281539436372869, "IoU": 0.5064706663793941, "mIoU": 0.6879587072709841}