{"Acc": 0.8144275294817036, "IoU": 0.6361590615791072, "mIoU": 0.774536028246523}