{"Acc": 0.8253320202534441, "IoU": 0.5671368442692197, "mIoU": 0.7245615169564028}