{"Acc": 0.5063942025896521, "IoU": 0.36176777604617183, "mIoU": 0.6019170049861997}