{"Acc": 0.6294668737292646, "IoU": 0.4321344509963924, "mIoU": 0.6413260048896786}