{"Acc": 0.8243305186430167, "IoU": 0.6031951275655208, "mIoU": 0.750810809738059}