{"Acc": 0.4512031180083471, "IoU": 0.3104494997202815, "mIoU": 0.5674968257772419}