{"Acc": 0.8133910395137325, "IoU": 0.6342767646659802, "mIoU": 0.7733040847125316}