{"Acc": 0.6818068886619104, "IoU": 0.4721277543497454, "mIoU": 0.6665264364512165}