{"Acc": 0.8313073255348885, "IoU": 0.5731170802738792, "mIoU": 0.7284921460335538}