{"Acc": 0.5398273436903152, "IoU": 0.38278568785004097, "mIoU": 0.6139971042558386}