{"Acc": 0.5562612789303962, "IoU": 0.3989396037798744, "mIoU": 0.6247315816724273}