{"Acc": 0.47985890383080787, "IoU": 0.33755470051889286, "mIoU": 0.5859269996398363}