{"Acc": 0.6453223775905027, "IoU": 0.4462219600155548, "mIoU": 0.6505391018625277}