{"Acc": 0.7215305512560178, "IoU": 0.5012538035012839, "mIoU": 0.6846603900294495}