{"Acc": 0.7808547559449713, "IoU": 0.5226111933452638, "mIoU": 0.6950425548365342}