{"Acc": 0.772267200629662, "IoU": 0.5180309294821416, "mIoU": 0.6923737333608553}