{"Acc": 0.7170690541780271, "IoU": 0.48436298999206207, "mIoU": 0.6720964978496629}