{"Acc": 0.6247293217201946, "IoU": 0.4300946691661914, "mIoU": 0.6403131040814319}