{"Acc": 0.7428750543282524, "IoU": 0.5077395176343495, "mIoU": 0.6874306909784319}