{"Acc": 0.6161690509038873, "IoU": 0.424628504117286, "mIoU": 0.6370554405761775}