{"Acc": 0.5480457557838323, "IoU": 0.3748676038179282, "mIoU": 0.6060518726530322}