{"Acc": 0.7721044566179676, "IoU": 0.5288186851962673, "mIoU": 0.7006036511890976}