{"Acc": 0.8230972592881249, "IoU": 0.6351852498654307, "mIoU": 0.7733284130862905}