{"Acc": 0.5704110201128487, "IoU": 0.3927199966054408, "mIoU": 0.6175022755220214}