{"Acc": 0.8071120738081007, "IoU": 0.640442724199553, "mIoU": 0.7779201207768766}