{"Acc": 0.699420156247091, "IoU": 0.4698873802621418, "mIoU": 0.6627335290960579}