{"Acc": 0.7709758413416012, "IoU": 0.5183134298629527, "mIoU": 0.6927175711727722}