{"Acc": 0.8156254794849457, "IoU": 0.6195617215813096, "mIoU": 0.7629520893782873}