{"Acc": 0.8304184928556342, "IoU": 0.6132904436517013, "mIoU": 0.7575497826514557}