{"Acc": 0.5979693270872161, "IoU": 0.41556278870346974, "mIoU": 0.6322242073589374}