{"Acc": 0.8268012102761769, "IoU": 0.6228537768014927, "mIoU": 0.7645179394967117}