{"Acc": 0.07611733233354369, "IoU": 0.06410564874765143, "mIoU": 0.44077128313033254}