{"Acc": 0.82175839287239, "IoU": 0.6374331982212917, "mIoU": 0.7749625523756721}