{"Acc": 0.6161764337683231, "IoU": 0.413867984429187, "mIoU": 0.6282733387533218}