{"Acc": 0.825934847184336, "IoU": 0.631000852679663, "mIoU": 0.7702521916518879}