{"Acc": 0.7677155042079117, "IoU": 0.520200817337526, "mIoU": 0.6944802238067314}