{"Acc": 0.676362186637529, "IoU": 0.4620659755915442, "mIoU": 0.6592764985277632}