{"Acc": 0.576068541229446, "IoU": 0.39008557308141995, "mIoU": 0.6144357253025087}