{"Acc": 0.7284836045840526, "IoU": 0.5093326516679332, "mIoU": 0.6900997754128606}