{"Acc": 0.8250395946229635, "IoU": 0.6276282897957878, "mIoU": 0.7679644392862113}