{"Acc": 0.5347569207934204, "IoU": 0.38511845014986873, "mIoU": 0.6167112469112918}