{"Acc": 0.564440208748887, "IoU": 0.39172635674681505, "mIoU": 0.6175885351313677}