{"Acc": 0.8291820235596834, "IoU": 0.5831685495178845, "mIoU": 0.736026990701591}