{"Acc": 0.5086594579950323, "IoU": 0.37128211328167465, "mIoU": 0.609475207764158}