{"Acc": 0.6794568908125709, "IoU": 0.4753359331596423, "mIoU": 0.6692855494633821}