{"Acc": 0.8277330561656226, "IoU": 0.6065338480113072, "mIoU": 0.7529459060615582}