{"Acc": 0.7945823898781571, "IoU": 0.6657277088739579, "mIoU": 0.7957052523282315}