{"Acc": 0.8339089827632585, "IoU": 0.6094205016592015, "mIoU": 0.754566037189222}