{"Acc": 0.7792581312621938, "IoU": 0.521974897196764, "mIoU": 0.6947106992321628}