{"Acc": 0.1198951504852468, "IoU": 0.10478699886210867, "mIoU": 0.46764651953761904}