{"Acc": 0.8263232500524825, "IoU": 0.5958660748427621, "mIoU": 0.7454258613485248}