{"Acc": 0.598055032513493, "IoU": 0.4246643159475852, "mIoU": 0.6395342255216412}