{"Acc": 0.7341555704354157, "IoU": 0.5007049311466165, "mIoU": 0.6829277430144094}