{"Acc": 0.7916857390664592, "IoU": 0.6655563069493371, "mIoU": 0.7957464704772294}