{"Acc": 0.8093410568795136, "IoU": 0.5486039565678761, "mIoU": 0.7121088153153943}