{"Acc": 0.6403264253261781, "IoU": 0.45132681494727944, "mIoU": 0.6551879627862645}