{"Acc": 0.7338618608285115, "IoU": 0.4963784730183213, "mIoU": 0.6796186552601629}