{"Acc": 0.8152601881924244, "IoU": 0.5484130708025196, "mIoU": 0.7114408198355061}