{"Acc": 0.6493364088848601, "IoU": 0.45112523062026005, "mIoU": 0.6539204331686427}