{"Acc": 0.72078391896568, "IoU": 0.48724110066771575, "mIoU": 0.6739319609860932}