{"Acc": 0.6504557153321551, "IoU": 0.45473363001434636, "mIoU": 0.6566243082288997}