{"Acc": 0.8119899002414518, "IoU": 0.5522360494146269, "mIoU": 0.7146000278278164}