{"s_Acc": 0.8862481440654689, "s_IoU": 0.5847854074121215, "s_mIoU": 0.6978940542576477, "t_Acc": 0.5526896389526049, "t_IoU": 0.3844983525314807, "t_mIoU": 0.5953875012428791, "bn_loss": 0.26187852025032043, "s_adv": 0.08887071695856073, "t_adv": 0.1670628160238266}