{"s_Acc": 0.8721796634824055, "s_IoU": 0.5416844361054604, "s_mIoU": 0.6604884494270951, "t_Acc": 0.5260185371934304, "t_IoU": 0.35636443943591745, "t_mIoU": 0.5747743082001894, "bn_loss": 0.2986268699169159, "s_adv": 0.3646012324501168, "t_adv": 0.8903650537133216}