{"s_Acc": 0.8999591639199029, "s_IoU": 0.5667677416307451, "s_mIoU": 0.6796489937683174, "t_Acc": 0.5891203107671253, "t_IoU": 0.3913407195021626, "t_mIoU": 0.5945502978253626, "bn_loss": 0.2690140902996063, "s_adv": 0.11053673982281577, "t_adv": 0.1807912414893508}