{"s_Acc": 0.8638147231378517, "s_IoU": 0.5048611872908217, "s_mIoU": 0.6260578587513594, "t_Acc": 0.4938122859928706, "t_IoU": 0.33180606899696174, "t_mIoU": 0.5584167762924596, "bn_loss": 0.30452799797058105, "s_adv": 0.4830897721377286, "t_adv": 1.1817042052745819}