{"s_Acc": 0.8878672154842212, "s_IoU": 0.5832065450672792, "s_mIoU": 0.6962683661013429, "t_Acc": 0.5587083121386509, "t_IoU": 0.3855552242569294, "t_mIoU": 0.5951685757596102, "bn_loss": 0.26876896619796753, "s_adv": 0.09424668508158489, "t_adv": 0.17483150381594897}