{"s_Acc": 0.889725779228646, "s_IoU": 0.5738070084127513, "s_mIoU": 0.6875588120020353, "t_Acc": 0.5735460064518496, "t_IoU": 0.3852797070145464, "t_mIoU": 0.5919945681704726, "bn_loss": 0.27316009998321533, "s_adv": 0.11466946977783334, "t_adv": 0.22216115705668926}