{"s_Acc": 0.31604195498345206, "s_IoU": 0.18472784960032293, "s_mIoU": 0.41352756644826105, "t_Acc": 0.22324902757780252, "t_IoU": 0.1254366395693982, "t_mIoU": 0.4037747046887052, "bn_loss": 0.31160876154899597, "s_adv": 0.6937040375037626, "t_adv": 0.6935163900256157}