{"s_Acc": 0.8919473428272198, "s_IoU": 0.5804202652465862, "s_mIoU": 0.693215127373656, "t_Acc": 0.5630947739537743, "t_IoU": 0.38639262729360546, "t_mIoU": 0.5950735575161288, "bn_loss": 0.27049046754837036, "s_adv": 0.1062520718709989, "t_adv": 0.19108000993728638}