{"s_Acc": 0.8977064240270198, "s_IoU": 0.5653180394260311, "s_mIoU": 0.6786419834011852, "t_Acc": 0.5925045270041837, "t_IoU": 0.38558639144596546, "t_mIoU": 0.5885207767726182, "bn_loss": 0.2837609350681305, "s_adv": 0.11597021601416847, "t_adv": 0.22108048535883426}