{"s_Acc": 0.9004319731948243, "s_IoU": 0.569115771886063, "s_mIoU": 0.6817422546014378, "t_Acc": 0.5745814002299675, "t_IoU": 0.3912353758899031, "t_mIoU": 0.5972651580813804, "bn_loss": 0.2696370780467987, "s_adv": 0.08744690008461475, "t_adv": 0.15563074108213187}