{"s_Acc": 0.8583475313970172, "s_IoU": 0.5248911880081076, "s_mIoU": 0.646739302294653, "t_Acc": 0.4967530263106713, "t_IoU": 0.3398954567291319, "t_mIoU": 0.5656062682999357, "bn_loss": 0.31113019585609436, "s_adv": 0.42292301085862244, "t_adv": 1.0030519396066666}