{"s_Acc": 0.7866239400480983, "s_IoU": 0.43831310613707836, "s_mIoU": 0.5721736281916153, "t_Acc": 0.31422338767004954, "t_IoU": 0.2336536201574141, "t_mIoU": 0.5095952435306055, "bn_loss": 0.2988950312137604, "s_adv": 0.6576513756405223, "t_adv": 0.9660180866718292}