{"s_Acc": 0.8878423642724308, "s_IoU": 0.5499084161199869, "s_mIoU": 0.6657728303497252, "t_Acc": 0.593389828932289, "t_IoU": 0.3756107958456483, "t_mIoU": 0.5788419092900923, "bn_loss": 0.2879008948802948, "s_adv": 0.2948168045417829, "t_adv": 0.7475448489189148}