{"s_Acc": 0.8621911605362458, "s_IoU": 0.5570085181053805, "s_mIoU": 0.6762680841382916, "t_Acc": 0.526328370369489, "t_IoU": 0.3588465290212233, "t_mIoU": 0.577059471790583, "bn_loss": 0.28962475061416626, "s_adv": 0.30117944086139853, "t_adv": 0.6255847409367561}