{"s_Acc": 0.7827731998693515, "s_IoU": 0.46757031098836277, "s_mIoU": 0.60396152320208, "t_Acc": 0.34525630258276974, "t_IoU": 0.25456700814264094, "t_mIoU": 0.5214085258696965, "bn_loss": 0.2945423126220703, "s_adv": 0.5774570866064592, "t_adv": 0.9633258387446404}