{"s_Acc": 0.8248646030005817, "s_IoU": 0.4439268710978772, "s_mIoU": 0.5696060851801594, "t_Acc": 0.3593226387807142, "t_IoU": 0.25709722060993867, "t_mIoU": 0.5194935560754368, "bn_loss": 0.3065144717693329, "s_adv": 0.6835958171974529, "t_adv": 1.1506000995635985}