{"s_Acc": 0.8858678905838572, "s_IoU": 0.5312426488343881, "s_mIoU": 0.6482481898969225, "t_Acc": 0.6028331661590776, "t_IoU": 0.36992873207348775, "t_mIoU": 0.5713065381675204, "bn_loss": 0.28131139278411865, "s_adv": 0.27611827342347667, "t_adv": 0.715077155828476}