{"s_Acc": 0.7303136017082065, "s_IoU": 0.39448035358451417, "s_mIoU": 0.5364245025568332, "t_Acc": 0.22792807350560865, "t_IoU": 0.17548474350477156, "t_mIoU": 0.4782814750631784, "bn_loss": 0.3105110824108124, "s_adv": 0.5488365908915346, "t_adv": 0.8106548562645912}