{"s_Acc": 0.5732377749347759, "s_IoU": 0.3435735618531183, "s_mIoU": 0.5214472267653707, "t_Acc": 0.15732085747743899, "t_IoU": 0.12610340903707942, "t_mIoU": 0.4532023121369458, "bn_loss": 0.3172335922718048, "s_adv": 0.6581125002015721, "t_adv": 0.9037096604704857}