{"s_Acc": 0.8763166042885032, "s_IoU": 0.589359114828638, "s_mIoU": 0.7032589988934985, "t_Acc": 0.5005799185104249, "t_IoU": 0.3715432072422437, "t_mIoU": 0.5941182826836454, "bn_loss": 0.27536144852638245, "s_adv": 0.08966781469908627, "t_adv": 0.16329364348202943}