{"s_Acc": 0.8795101721361851, "s_IoU": 0.5680926916781228, "s_mIoU": 0.683832347354806, "t_Acc": 0.5569295587249612, "t_IoU": 0.3751106050007671, "t_mIoU": 0.5858875153088527, "bn_loss": 0.28800129890441895, "s_adv": 0.22444971413774925, "t_adv": 0.4870741739869118}