{"s_Acc": 0.8293025653374475, "s_IoU": 0.5187578935154956, "s_mIoU": 0.6457887227118179, "t_Acc": 0.45568605624714575, "t_IoU": 0.3209868777799758, "t_mIoU": 0.5571543223960964, "bn_loss": 0.3031104803085327, "s_adv": 0.34369713068008423, "t_adv": 0.9015440151095391}