{"s_Acc": 0.9036436929065397, "s_IoU": 0.5639704150242475, "s_mIoU": 0.6765159107419039, "t_Acc": 0.5991579157251761, "t_IoU": 0.3916612026922823, "t_mIoU": 0.592897836792943, "bn_loss": 0.2736789286136627, "s_adv": 0.12844718213785777, "t_adv": 0.22182754352688788}