{"s_Acc": 0.8457099042446131, "s_IoU": 0.550915940512445, "s_mIoU": 0.6731753014458799, "t_Acc": 0.47606684957006834, "t_IoU": 0.3424310676986028, "t_mIoU": 0.5727813123048705, "bn_loss": 0.2898104786872864, "s_adv": 0.33751612969420175, "t_adv": 0.9461918145418167}