{"s_Acc": 0.8244185536901636, "s_IoU": 0.49947883596479903, "s_mIoU": 0.6279369031043219, "t_Acc": 0.4086673093651015, "t_IoU": 0.29457239127714646, "t_mIoU": 0.5434180999144642, "bn_loss": 0.2980377972126007, "s_adv": 0.47967054085298017, "t_adv": 0.9934529021382332}