{"s_Acc": 0.8701477400798285, "s_IoU": 0.5550990539115578, "s_mIoU": 0.673321394496164, "t_Acc": 0.5220071050141978, "t_IoU": 0.36136468759790624, "t_mIoU": 0.5803567823502465, "bn_loss": 0.2857281267642975, "s_adv": 0.23108902167190204, "t_adv": 0.5791188165545463}