{"s_Acc": 0.8918735002958005, "s_IoU": 0.5800076377050473, "s_mIoU": 0.6928545559005919, "t_Acc": 0.5652977043346546, "t_IoU": 0.38592916824973533, "t_mIoU": 0.5942174263714963, "bn_loss": 0.2704678177833557, "s_adv": 0.08085295515642925, "t_adv": 0.1518825601786375}