{"s_Acc": 0.8907568051057563, "s_IoU": 0.5472863503953774, "s_mIoU": 0.6628403566608005, "t_Acc": 0.575779135192959, "t_IoU": 0.3750349512844389, "t_mIoU": 0.5819385953067687, "bn_loss": 0.29841554164886475, "s_adv": 0.19954927604306827, "t_adv": 0.5398199185729027}