{"s_Acc": 0.9157167409477122, "s_IoU": 0.5537794203591797, "s_mIoU": 0.6650929818701685, "t_Acc": 0.6293263775776975, "t_IoU": 0.3949192840180379, "t_mIoU": 0.590093757847466, "bn_loss": 0.27427706122398376, "s_adv": 0.09162943962622773, "t_adv": 0.15397758930921554}