{"s_Acc": 0.8859523622480301, "s_IoU": 0.5780246175062277, "s_mIoU": 0.691892738351898, "t_Acc": 0.5271133277463034, "t_IoU": 0.375304180620645, "t_mIoU": 0.5921308930026896, "bn_loss": 0.28416115045547485, "s_adv": 0.1434403947469863, "t_adv": 0.22005042433738708}