{"s_Acc": 0.8756891486173202, "s_IoU": 0.5748159493896844, "s_mIoU": 0.6904424892691572, "t_Acc": 0.574013481067978, "t_IoU": 0.3807896418945345, "t_mIoU": 0.5877248123208076, "bn_loss": 0.25866541266441345, "s_adv": 0.16533086584372955, "t_adv": 0.32662205286324025}