{"s_Acc": 0.8716962999277781, "s_IoU": 0.5735895826034438, "s_mIoU": 0.6899018948627751, "t_Acc": 0.5658216758829996, "t_IoU": 0.37758009188132513, "t_mIoU": 0.5863804973349037, "bn_loss": 0.27465730905532837, "s_adv": 0.17815746790306133, "t_adv": 0.3922073349356651}