{"s_Acc": 0.8567592245808127, "s_IoU": 0.5475778807849628, "s_mIoU": 0.6684178865174826, "t_Acc": 0.5148348444679454, "t_IoU": 0.35144003727758794, "t_mIoU": 0.5725584722249325, "bn_loss": 0.2849922180175781, "s_adv": 0.31361195614392107, "t_adv": 0.7849103137850761}