{"s_Acc": 0.8872723208887272, "s_IoU": 0.5433725240607532, "s_mIoU": 0.6596782486678608, "t_Acc": 0.5717339548462519, "t_IoU": 0.37003381376387423, "t_mIoU": 0.5780078583169443, "bn_loss": 0.291249543428421, "s_adv": 0.29413181441751396, "t_adv": 0.6956108883023262}