{"s_Acc": 0.8806133563511445, "s_IoU": 0.5362257433435171, "s_mIoU": 0.6539291875815731, "t_Acc": 0.5515177025887494, "t_IoU": 0.3596705975842723, "t_mIoU": 0.572366486077038, "bn_loss": 0.3067186176776886, "s_adv": 0.3120201341807842, "t_adv": 0.6808126449584961}