{"s_Acc": 0.8757536345177942, "s_IoU": 0.5859685745874617, "s_mIoU": 0.7003507247817646, "t_Acc": 0.5317076782730698, "t_IoU": 0.37752209598469627, "t_mIoU": 0.5932178583352677, "bn_loss": 0.2774582803249359, "s_adv": 0.09507080683992668, "t_adv": 0.19767556227743627}