{"s_Acc": 0.8225395924902782, "s_IoU": 0.5319858490843493, "s_mIoU": 0.6593631958765931, "t_Acc": 0.41794415563234916, "t_IoU": 0.31035481083469235, "t_mIoU": 0.5564146074562132, "bn_loss": 0.3056389093399048, "s_adv": 0.555665601383556, "t_adv": 1.1356062486767768}