{"s_Acc": 0.4399923140890764, "s_IoU": 0.2824378129497191, "s_mIoU": 0.49318857333041344, "t_Acc": 0.10788824166847741, "t_IoU": 0.08967615579270659, "t_mIoU": 0.4355767691917627, "bn_loss": 0.3066774308681488, "s_adv": 0.6759643270210787, "t_adv": 0.7853611230850219}