{"s_Acc": 0.8398609993877395, "s_IoU": 0.5273382071128586, "s_mIoU": 0.652174483694008, "t_Acc": 0.47571111888624446, "t_IoU": 0.3299281662703259, "t_mIoU": 0.560942838042252, "bn_loss": 0.3009597361087799, "s_adv": 0.48389857533303177, "t_adv": 1.0058794751763345}