{"s_Acc": 0.8570286581255098, "s_IoU": 0.5334188255226494, "s_mIoU": 0.6551121206195525, "t_Acc": 0.5491440314790906, "t_IoU": 0.35190293911257414, "t_mIoU": 0.5653139811888942, "bn_loss": 0.287518709897995, "s_adv": 0.37716935168613086, "t_adv": 0.9356735914945602}