{"Acc": 0.7863442675771117, "IoU": 0.5297291843101334, "mIoU": 0.684387348049093}