{"Acc": 0.7935556258325046, "IoU": 0.640069980670823, "mIoU": 0.7685053715331631}