{"Acc": 0.28959321396070903, "IoU": 0.22332646141416815, "mIoU": 0.5074891770300938}