{"Acc": 0.7853732376220862, "IoU": 0.6044469407795443, "mIoU": 0.7429866576767987}