{"Acc": 0.809057650652624, "IoU": 0.6341030730314322, "mIoU": 0.7629480853464357}