{"Acc": 0.7704413000750154, "IoU": 0.548932446621093, "mIoU": 0.7017487177672077}