{"Acc": 0.8046025499279386, "IoU": 0.6395016973099485, "mIoU": 0.7672409355029579}