{"Acc": 0.6301604118251283, "IoU": 0.3946727032327993, "mIoU": 0.5897873809431449}