{"Acc": 0.799338762310395, "IoU": 0.60654306237039, "mIoU": 0.7433150929614414}