{"Acc": 0.8033690405326441, "IoU": 0.6389689316819214, "mIoU": 0.7669487955382887}