{"Acc": 0.793734352139478, "IoU": 0.6250583457635531, "mIoU": 0.7575465845548385}