{"Acc": 0.7442617488657673, "IoU": 0.5547600043258846, "mIoU": 0.7222637602195235}