{"Acc": 0.7387599098905346, "IoU": 0.6001858340522255, "mIoU": 0.7547301116925111}