{"Acc": 0.7527774015013536, "IoU": 0.5738596432843213, "mIoU": 0.7352689827717485}