{"Acc": 0.7689362447926731, "IoU": 0.5624767834425265, "mIoU": 0.7257970448833061}