{"Acc": 0.8041637429453521, "IoU": 0.6634364721646973, "mIoU": 0.7936550904423156}