{"Acc": 0.7641874579898964, "IoU": 0.5808864686336581, "mIoU": 0.7393803785873134}