{"Acc": 0.7060387337167715, "IoU": 0.5478723020028191, "mIoU": 0.7205507488870435}