{"Acc": 0.7817618852882623, "IoU": 0.6496020672551416, "mIoU": 0.7856205839169909}