{"Acc": 0.7662174247156474, "IoU": 0.6086293807927179, "mIoU": 0.7586673556516563}