{"Acc": 0.7382081210224818, "IoU": 0.5526535230113296, "mIoU": 0.7212523495622634}