{"Acc": 0.7765922752126425, "IoU": 0.6208533177307476, "mIoU": 0.7664041186382731}