{"Acc": 0.7416080905922405, "IoU": 0.5725616266033028, "mIoU": 0.7352211467081656}