{"Acc": 0.7339225287145278, "IoU": 0.5814136223510125, "mIoU": 0.7420451280738356}