{"Acc": 0.7454648347747038, "IoU": 0.5875977057415415, "mIoU": 0.7455119392465471}