{"Acc": 0.7603037503025369, "IoU": 0.622927206184797, "mIoU": 0.768871654907906}