{"Acc": 0.7771443850748012, "IoU": 0.6434695964200409, "mIoU": 0.7817607116390233}