{"Acc": 0.7619202766198807, "IoU": 0.5871585027925332, "mIoU": 0.7439862999027986}