{"Acc": 0.7821111268754883, "IoU": 0.5844207896461926, "mIoU": 0.7405324071126744}