{"Acc": 0.7767110430318278, "IoU": 0.617291525186779, "mIoU": 0.7639454459422221}