{"Acc": 0.7952009455202383, "IoU": 0.6514374024411281, "mIoU": 0.7860861791142263}