{"Acc": 0.7448315134037509, "IoU": 0.6042524934246504, "mIoU": 0.7571101000122533}