{"Acc": 0.7600116456661623, "IoU": 0.6135304807405025, "mIoU": 0.7624627292308177}