{"Acc": 0.7683562084433005, "IoU": 0.5731397739886812, "mIoU": 0.7335317834186804}