{"Acc": 0.7606632637011519, "IoU": 0.5862146079242627, "mIoU": 0.7434146338006149}