{"Acc": 0.7748239186832051, "IoU": 0.6103508708493971, "mIoU": 0.7592748329407734}