{"Acc": 0.7522085999456878, "IoU": 0.5810844990373829, "mIoU": 0.7404318715712158}