{"Acc": 0.748158296317363, "IoU": 0.5912581962971306, "mIoU": 0.7478714805289041}