{"Acc": 0.7578375525868594, "IoU": 0.5939492801386288, "mIoU": 0.7490497282035202}