{"Acc": 0.7833915723639483, "IoU": 0.652481672223617, "mIoU": 0.7874614775838634}