{"Acc": 0.7639264897817947, "IoU": 0.6007167577590491, "mIoU": 0.7533357738724149}