{"Acc": 0.7514436709913133, "IoU": 0.6145297460308043, "mIoU": 0.7637151653842724}