{"Acc": 0.7658807018985517, "IoU": 0.6345324204017133, "mIoU": 0.7764006773290624}