{"Acc": 0.7492079470436764, "IoU": 0.5947861187419409, "mIoU": 0.7502533029762026}