{"Acc": 0.7695763070398501, "IoU": 0.5772644564839733, "mIoU": 0.7363873033432125}