{"Acc": 0.756486809389206, "IoU": 0.5955735443739819, "mIoU": 0.750280464040725}