{"Acc": 0.780024023198886, "IoU": 0.6436128596181483, "mIoU": 0.7816878225888125}