{"Acc": 0.7566091081435563, "IoU": 0.587937249271589, "mIoU": 0.7449276003335343}