{"Acc": 0.7469905197600761, "IoU": 0.5629109292888977, "mIoU": 0.7279092244166372}