{"Acc": 0.7505660731057656, "IoU": 0.567949522614945, "mIoU": 0.7312294197073}