{"Acc": 0.7648175694197903, "IoU": 0.6415276667124391, "mIoU": 0.7811803901413058}