{"Acc": 0.768967702215052, "IoU": 0.5770920950122931, "mIoU": 0.7363114506281112}