{"Acc": 0.7400477382434304, "IoU": 0.5707786896204096, "mIoU": 0.7340795201351757}