{"Acc": 0.744002706622301, "IoU": 0.612096644281123, "mIoU": 0.7625450258861415}