{"Acc": 0.7687365864587995, "IoU": 0.6020442023950422, "mIoU": 0.753922755747338}