{"Acc": 0.7672892240352682, "IoU": 0.5880594811818004, "mIoU": 0.7442231622612066}