{"Acc": 0.7775517265951962, "IoU": 0.6522039633726874, "mIoU": 0.7876063342557937}