{"Acc": 0.7649626587556599, "IoU": 0.6280925540444163, "mIoU": 0.7720917723410528}