{"Acc": 0.7737415265580894, "IoU": 0.6111196747528854, "mIoU": 0.7598805200202736}