{"Acc": 0.787760302145332, "IoU": 0.6586575300332559, "mIoU": 0.7913544533757837}