{"Acc": 0.7570909202965215, "IoU": 0.601584240035627, "mIoU": 0.7544172838846566}