{"Acc": 0.7742291166049609, "IoU": 0.6235362761541755, "mIoU": 0.7683966626797704}