{"Acc": 0.7758234943289971, "IoU": 0.6571341334599964, "mIoU": 0.7909976068102935}