{"Acc": 0.7534556620471335, "IoU": 0.6295597855386076, "mIoU": 0.7738027948571122}