{"Acc": 0.7700035501948114, "IoU": 0.5705524405367568, "mIoU": 0.7315433331176996}