{"Acc": 0.7719744540050756, "IoU": 0.6275099953633725, "mIoU": 0.7712550374255369}