{"Acc": 0.7726960487551527, "IoU": 0.6537471419574363, "mIoU": 0.7889121895464463}