{"Acc": 0.759204666483914, "IoU": 0.5999232964078927, "mIoU": 0.7531158612573221}