{"Acc": 0.7671916418270728, "IoU": 0.5747967149237496, "mIoU": 0.7348096259420744}