{"Acc": 0.7494313589413871, "IoU": 0.595548993669333, "mIoU": 0.7507678061660266}