{"Acc": 0.7466104627386831, "IoU": 0.617749858704844, "mIoU": 0.7662285443787452}