{"Acc": 0.749356246320605, "IoU": 0.5544319075398204, "mIoU": 0.7215963918638811}