{"Acc": 0.7569503248781346, "IoU": 0.6246911173181989, "mIoU": 0.7702851111644766}