{"Acc": 0.7579248629836659, "IoU": 0.5750576962231746, "mIoU": 0.7357197546002843}