{"Acc": 0.7657131429752687, "IoU": 0.6263263969736067, "mIoU": 0.770843231329774}