{"Acc": 0.7678519267029219, "IoU": 0.6120466526727752, "mIoU": 0.7609175563928123}