{"Acc": 0.765807836236511, "IoU": 0.6304461226476571, "mIoU": 0.7736372932419466}