{"Acc": 0.7479628109068661, "IoU": 0.5857730856279084, "mIoU": 0.7440493714215504}