{"Acc": 0.7701627632713408, "IoU": 0.6469452105176305, "mIoU": 0.7845050804034447}