{"Acc": 0.8050663783711604, "IoU": 0.6576922512112563, "mIoU": 0.7897448134109362}