{"Acc": 0.77346547162701, "IoU": 0.6444069026805693, "mIoU": 0.7826079525774793}