{"Acc": 0.7415278420657639, "IoU": 0.5922578011913363, "mIoU": 0.7490476327469855}