{"Acc": 0.765609140884955, "IoU": 0.6335647168014042, "mIoU": 0.7757626509165991}