{"Acc": 0.7619138567377626, "IoU": 0.5959008090178185, "mIoU": 0.7501202486341475}