{"Acc": 0.7678535316734514, "IoU": 0.639156171311556, "mIoU": 0.7794035878351415}