{"Acc": 0.7586689273211565, "IoU": 0.5864011389118112, "mIoU": 0.74369456161651}