{"Acc": 0.7702982227840333, "IoU": 0.6305950656629254, "mIoU": 0.7734598495985772}