{"Acc": 0.7827466952051827, "IoU": 0.6472065637173237, "mIoU": 0.783951829589377}