{"Acc": 0.7660822861970609, "IoU": 0.5928603172182135, "mIoU": 0.747690364229538}