{"Acc": 0.7663682919454233, "IoU": 0.561104778647088, "mIoU": 0.7250138250777167}