{"Acc": 0.7611550266714002, "IoU": 0.6187073654899472, "mIoU": 0.765935948446475}