{"Acc": 0.7649799924373789, "IoU": 0.6203085301959217, "mIoU": 0.7667830397887604}