{"Acc": 0.755822672584086, "IoU": 0.6157517506565126, "mIoU": 0.7642626128345703}