{"Acc": 0.7538620405852108, "IoU": 0.5796084466769154, "mIoU": 0.7392629562435912}