{"Acc": 0.7626903414799497, "IoU": 0.5986227795646125, "mIoU": 0.7519644312099737}