{"Acc": 0.7560846037745055, "IoU": 0.6059693244762833, "mIoU": 0.7575211227782344}