{"Acc": 0.7578978994787697, "IoU": 0.5592166453623498, "mIoU": 0.7243478081013661}