{"Acc": 0.7716319532940736, "IoU": 0.6095394049548554, "mIoU": 0.7589291695638104}