{"Acc": 0.7467449592690579, "IoU": 0.5775508141964703, "mIoU": 0.7383533555313215}