{"Acc": 0.7577216737146273, "IoU": 0.6305619168486903, "mIoU": 0.7742162635081861}