{"Acc": 0.7668391902987878, "IoU": 0.6104451895089176, "mIoU": 0.7598802130863072}