{"Acc": 0.7445259270149281, "IoU": 0.6179836860734806, "mIoU": 0.7665229667043054}