{"Acc": 0.7288309202066432, "IoU": 0.5565696154778577, "mIoU": 0.7248575773203749}