{"Acc": 0.7610673952804878, "IoU": 0.6055893204466246, "mIoU": 0.756916347569523}