{"Acc": 0.7933886127982918, "IoU": 0.6536907650341727, "mIoU": 0.7877074561515338}