{"Acc": 0.7598049254619587, "IoU": 0.5671622729649208, "mIoU": 0.7299234114580544}