{"Acc": 0.7577380444140285, "IoU": 0.5711145380055442, "mIoU": 0.7329211955840129}