{"Acc": 0.7525437177922539, "IoU": 0.6122039374127327, "mIoU": 0.7620497127892768}