{"Acc": 0.7896541673701788, "IoU": 0.6633605964355276, "mIoU": 0.7943921855069488}