{"Acc": 0.7576911792745662, "IoU": 0.5911119792449239, "mIoU": 0.7470752346758327}