{"Acc": 0.7490339682382752, "IoU": 0.5564689809373028, "mIoU": 0.723098895795228}