{"Acc": 0.7663788847509182, "IoU": 0.6189141406940603, "mIoU": 0.765737383017086}