{"Acc": 0.7784501890976278, "IoU": 0.6375247209032044, "mIoU": 0.777663877285377}