{"Acc": 0.7674737956461644, "IoU": 0.6330692949762811, "mIoU": 0.7753129786179018}