{"Acc": 0.7514825112781279, "IoU": 0.586231004729192, "mIoU": 0.7441091917474676}