{"Acc": 0.7295393541983782, "IoU": 0.5748255858655756, "mIoU": 0.7377574147703574}