{"Acc": 0.7924663967320232, "IoU": 0.6421894062164278, "mIoU": 0.7799876392565336}