{"Acc": 0.7545906972056179, "IoU": 0.6120151416141856, "mIoU": 0.7617836200894121}