{"Acc": 0.7571034390666519, "IoU": 0.6056804959828379, "mIoU": 0.7572517602553493}