{"Acc": 0.7698218675308685, "IoU": 0.5991663487509347, "mIoU": 0.7518384652953396}