{"Acc": 0.8632667560359346, "IoU": 0.7241545337781822, "mIoU": 0.8129189295482611}