{"Acc": 0.7811649096440059, "IoU": 0.5671123620742844, "mIoU": 0.6965531400364016}