{"Acc": 0.8655453620940244, "IoU": 0.7659247557104724, "mIoU": 0.8433917669023712}