{"Acc": 0.8681121921676648, "IoU": 0.7619206905448004, "mIoU": 0.840350163209488}