{"Acc": 0.8011082532908068, "IoU": 0.5778098230315705, "mIoU": 0.7029966422860356}