{"Acc": 0.7084377866818712, "IoU": 0.5026221930317105, "mIoU": 0.6511471563829354}