{"Acc": 0.8637859138647904, "IoU": 0.7663734545259224, "mIoU": 0.8438160541121716}