{"Acc": 0.7704144456709366, "IoU": 0.546563148803526, "mIoU": 0.6803151383044723}