{"Acc": 0.4025695339052356, "IoU": 0.3080036997835199, "mIoU": 0.5351617751845335}