{"Acc": 0.8708754194078668, "IoU": 0.7544904886986794, "mIoU": 0.8347855126896033}