{"Acc": 0.8567139167394214, "IoU": 0.7638994324790135, "mIoU": 0.8424436121319151}