{"s_Acc": 0.006560042126582758, "s_IoU": 0.006546962079539112, "s_mIoU": 0.38480762518418454, "t_Acc": 0.0037855895059028402, "t_IoU": 0.0037809551353546592, "t_mIoU": 0.3932736449270976}