{"s_Acc": 0.6184447043537451, "s_IoU": 0.5422974833622842, "s_mIoU": 0.6984403764322613, "t_Acc": 0.3953184722076057, "t_IoU": 0.35891680617530736, "t_mIoU": 0.5953990145662358}