{"s_Acc": 0.2572109563393252, "s_IoU": 0.24312938990851057, "s_mIoU": 0.5202278275646606, "t_Acc": 0.15584551127381363, "t_IoU": 0.15051509850942138, "t_mIoU": 0.4761957049142008}