{"s_Acc": 0.6193913409128283, "s_IoU": 0.5320696300009427, "s_mIoU": 0.6901368318842409, "t_Acc": 0.3971236385573301, "t_IoU": 0.3537647786145511, "t_mIoU": 0.5904837322284889}