{"s_Acc": 7.756893921003497e-06, "s_IoU": 7.75687988150147e-06, "s_mIoU": 0.3811811041002058, "t_Acc": 4.461082346099351e-06, "t_IoU": 4.461076944336488e-06, "t_mIoU": 0.3911965937541539}