{"s_Acc": 0.14405527163682133, "s_IoU": 0.13990357182855584, "s_mIoU": 0.46098926021577696, "t_Acc": 0.08460453291002053, "t_IoU": 0.08313021927092845, "t_mIoU": 0.43813069964036894}