{"s_Acc": 0.7035164807400757, "s_IoU": 0.608691018140324, "s_mIoU": 0.7398169713788483, "t_Acc": 0.4364352485156386, "t_IoU": 0.39583335500867917, "t_mIoU": 0.6178309288106737}