{"s_Acc": 0.5222805327227894, "s_IoU": 0.4504541069179641, "s_mIoU": 0.6387873637642262, "t_Acc": 0.31503230949510785, "t_IoU": 0.2850683501310115, "t_mIoU": 0.5502418333009997}