{"s_Acc": 0.8972327170124049, "s_IoU": 0.7435860834681138, "s_mIoU": 0.8250662527456776, "t_Acc": 0.673864545140184, "t_IoU": 0.5697188973570801, "t_mIoU": 0.7199683999086818}