{"Acc": 0.7760751537080276, "IoU": 0.6786626069513876, "mIoU": 0.8052251131115262}