{"Acc": 0.7698257194601392, "IoU": 0.67539679567026, "mIoU": 0.8033975558690127}