{"Acc": 0.8146570402674266, "IoU": 0.6632013421240367, "mIoU": 0.7929244997002298}