{"Acc": 0.8241777254486053, "IoU": 0.6964837536430337, "mIoU": 0.8146054927978079}