{"Acc": 0.8054268547520931, "IoU": 0.6580409233265899, "mIoU": 0.7899595662114434}