{"Acc": 0.8127461623549669, "IoU": 0.6962377359320692, "mIoU": 0.8149813665666494}