{"Acc": 0.8055475485359138, "IoU": 0.6645860339848442, "mIoU": 0.7943505336815966}