{"Acc": 0.8092277459601287, "IoU": 0.6948529442164563, "mIoU": 0.8142377817824621}