{"Acc": 0.808391235320137, "IoU": 0.6577077111715554, "mIoU": 0.7895693768358063}