{"Acc": 0.806536210382105, "IoU": 0.6884892021277615, "mIoU": 0.8101814647297169}