{"Acc": 0.8072921515015141, "IoU": 0.6929588618058219, "mIoU": 0.8130856241810152}