{"Acc": 0.8276024115645189, "IoU": 0.6843791807351723, "mIoU": 0.8064222416548873}