{"Acc": 0.8821769922252283, "IoU": 0.8125903377889031, "mIoU": 0.8757068204966234}