{"Acc": 0.8076057627429846, "IoU": 0.6756538942549256, "mIoU": 0.8016313847555492}