{"Acc": 0.802062194533984, "IoU": 0.6740886100946488, "mIoU": 0.8008772791874492}