{"Acc": 0.7822398455119567, "IoU": 0.6737675597319118, "mIoU": 0.8016891547283543}