{"Acc": 0.6120693141832529, "IoU": 0.40498648340968096, "mIoU": 0.6214933727967773}