{"Acc": 0.6003376216005921, "IoU": 0.41165346136500053, "mIoU": 0.6287048671593287}