{"Acc": 0.6287863662247434, "IoU": 0.42591581144546875, "mIoU": 0.6363872776292593}