{"Acc": 0.5871717273527424, "IoU": 0.39677186565064715, "mIoU": 0.6183362332466462}