{"Acc": 0.7910281425764186, "IoU": 0.5598511238710531, "mIoU": 0.6980735553788711}