{"Acc": 0.8543089306156182, "IoU": 0.6497409309912527, "mIoU": 0.7632294630850522}