{"Acc": 0.8266011740135045, "IoU": 0.6772990450509101, "mIoU": 0.7863241836370249}