{"Acc": 0.8327598858251479, "IoU": 0.67881282643089, "mIoU": 0.7869696953114784}