{"Acc": 0.8499160900898955, "IoU": 0.654300719733298, "mIoU": 0.7671170466168714}