{"Acc": 0.7545044061365357, "IoU": 0.4371870174085674, "mIoU": 0.5919702429963678}