{"Acc": 0.8939605332521927, "IoU": 0.5522241252772118, "mIoU": 0.6780494027931738}