{"Acc": 0.8820714828951264, "IoU": 0.6274284439513491, "mIoU": 0.7430833597572634}