{"Acc": 0.8650435649809851, "IoU": 0.6379756723341204, "mIoU": 0.753096703059019}