{"Acc": 0.836922423342056, "IoU": 0.6689764609674392, "mIoU": 0.7793157879636292}