{"Acc": 0.8652129480896373, "IoU": 0.7025135921837158, "mIoU": 0.8020743058587627}