{"Acc": 0.8498290616610923, "IoU": 0.7014845097669598, "mIoU": 0.8023957098311028}