{"s_Acc": 0.8271655856826181, "s_IoU": 0.48941522804267906, "s_mIoU": 0.6173755112965309, "t_Acc": 0.396403925266858, "t_IoU": 0.2878096236880283, "t_mIoU": 0.5400679516847943, "bn_loss": 0.30168336629867554, "s_adv": 0.49043371189724316, "t_adv": 0.9432971030473709}