{"s_Acc": 0.8263506979803412, "s_IoU": 0.47179532458237006, "s_mIoU": 0.5994193469686037, "t_Acc": 0.39871749963976955, "t_IoU": 0.28055954418299806, "t_mIoU": 0.5319941750353652, "bn_loss": 0.31016257405281067, "s_adv": 0.6331929442557421, "t_adv": 1.1384018510580063}