{"s_Acc": 0.8689090344222593, "s_IoU": 0.5774585918827465, "s_mIoU": 0.6937429700157672, "t_Acc": 0.5496234054490842, "t_IoU": 0.37637666148445664, "t_mIoU": 0.5885539266349251, "bn_loss": 0.2749541103839874, "s_adv": 0.17289581065150825, "t_adv": 0.39425576850771904}