{"s_Acc": 0.8793957218264637, "s_IoU": 0.5667424475074524, "s_mIoU": 0.6826209989109675, "t_Acc": 0.5674817857390344, "t_IoU": 0.3760746425655554, "t_mIoU": 0.5846290339803241, "bn_loss": 0.2909456789493561, "s_adv": 0.2115810862319036, "t_adv": 0.5058049216866494}