{"s_Acc": 0.8411521770316492, "s_IoU": 0.5316140959585592, "s_mIoU": 0.6559992261423075, "t_Acc": 0.46744036798801825, "t_IoU": 0.33009327459996474, "t_mIoU": 0.5630917887139671, "bn_loss": 0.29705002903938293, "s_adv": 0.3962455974383788, "t_adv": 0.8393947884440423}