{"s_Acc": 0.8190828413273706, "s_IoU": 0.4846385920829579, "s_mIoU": 0.6141033295444597, "t_Acc": 0.38672480084331423, "t_IoU": 0.28033359298751764, "t_mIoU": 0.5352869920243517, "bn_loss": 0.30192282795906067, "s_adv": 0.5959033850919117, "t_adv": 1.0235035434365272}