{"s_Acc": 0.9050917625381381, "s_IoU": 0.565334563908929, "s_mIoU": 0.6775676263439021, "t_Acc": 0.5934388762690186, "t_IoU": 0.3891682034422571, "t_mIoU": 0.5916904529033777, "bn_loss": 0.27449116110801697, "s_adv": 0.11181065761907534, "t_adv": 0.1826257139444351}