{"s_Acc": 0.8708934635661586, "s_IoU": 0.5870305048293231, "s_mIoU": 0.7019315353970895, "t_Acc": 0.5034470628244886, "t_IoU": 0.36800111802012203, "t_mIoU": 0.5903523834210422, "bn_loss": 0.27216097712516785, "s_adv": 0.20522004196589644, "t_adv": 0.3655270613729954}