{"s_Acc": 0.8897847260036007, "s_IoU": 0.575577037516578, "s_mIoU": 0.6891523726357498, "t_Acc": 0.5437300254596176, "t_IoU": 0.37870624587587437, "t_mIoU": 0.5918850036654895, "bn_loss": 0.27241751551628113, "s_adv": 0.11382841919972138, "t_adv": 0.19824871998280286}