{"s_Acc": 0.8062498477208314, "s_IoU": 0.4710831873339965, "s_mIoU": 0.6027892915942642, "t_Acc": 0.3611653887193925, "t_IoU": 0.2653044202675874, "t_mIoU": 0.5275616203546154, "bn_loss": 0.2977912724018097, "s_adv": 0.5706630836833607, "t_adv": 1.0969736769795417}