{"s_Acc": 0.8998901868365751, "s_IoU": 0.5660948761104766, "s_mIoU": 0.6790380918803506, "t_Acc": 0.6075888079277295, "t_IoU": 0.3931425484965441, "t_mIoU": 0.5926428125337819, "bn_loss": 0.27381306886672974, "s_adv": 0.10326985980976712, "t_adv": 0.1892829431220889}