{"s_Acc": 0.9049614808088575, "s_IoU": 0.5645866396408715, "s_mIoU": 0.6768926744666552, "t_Acc": 0.59311884364679, "t_IoU": 0.393957271369695, "t_mIoU": 0.5961942092462318, "bn_loss": 0.2672607898712158, "s_adv": 0.09959023767574267, "t_adv": 0.16709991972893476}