{"s_Acc": 0.8697939097240059, "s_IoU": 0.5316861766636384, "s_mIoU": 0.6513574107095921, "t_Acc": 0.49236306468558755, "t_IoU": 0.3436160208217199, "t_mIoU": 0.5701815380688291, "bn_loss": 0.30834028124809265, "s_adv": 0.30699051036076114, "t_adv": 0.8276549279689789}