{"s_Acc": 0.8844225905150185, "s_IoU": 0.5755127919933768, "s_mIoU": 0.6898467284274323, "t_Acc": 0.5376106577412847, "t_IoU": 0.3757651996625353, "t_mIoU": 0.5904277053267404, "bn_loss": 0.27825015783309937, "s_adv": 0.1658460216766054, "t_adv": 0.29094245545566083}