{"s_Acc": 0.8998681426140683, "s_IoU": 0.5600698967107358, "s_mIoU": 0.6734502805755034, "t_Acc": 0.6258387669549543, "t_IoU": 0.3897833030587831, "t_mIoU": 0.5858803468316885, "bn_loss": 0.277670294046402, "s_adv": 0.1859128036620942, "t_adv": 0.32939778342843057}