{"s_Acc": 0.8967974834704822, "s_IoU": 0.5698436543794422, "s_mIoU": 0.682936565854924, "t_Acc": 0.5514871042502392, "t_IoU": 0.38108583995476863, "t_mIoU": 0.5925116687061062, "bn_loss": 0.2876546382904053, "s_adv": 0.09213689122010361, "t_adv": 0.17026953306049109}