{"s_Acc": 0.836256450882422, "s_IoU": 0.5057595575780448, "s_mIoU": 0.6319716688349744, "t_Acc": 0.4386594307929079, "t_IoU": 0.30936348272098074, "t_mIoU": 0.5500812996151203, "bn_loss": 0.3029365539550781, "s_adv": 0.5086258819157427, "t_adv": 1.1862056419253348}