{"s_Acc": 0.8425810842830719, "s_IoU": 0.4951266197389275, "s_mIoU": 0.6202091278957036, "t_Acc": 0.45796633242814916, "t_IoU": 0.3140609575230565, "t_mIoU": 0.5497487850847596, "bn_loss": 0.2961745858192444, "s_adv": 0.6759912940588865, "t_adv": 1.1723009869456291}