{"s_Acc": 0.8728526672330298, "s_IoU": 0.5790328381587296, "s_mIoU": 0.6946010897534924, "t_Acc": 0.5305599905925108, "t_IoU": 0.37075409557936284, "t_mIoU": 0.5872687926392168, "bn_loss": 0.2843472957611084, "s_adv": 0.17549150555648588, "t_adv": 0.33669111505150795}