{"s_Acc": 0.878503510926056, "s_IoU": 0.5510408862196419, "s_mIoU": 0.6682817235745943, "t_Acc": 0.5891246105336481, "t_IoU": 0.3739310255883628, "t_mIoU": 0.578109510399572, "bn_loss": 0.28223931789398193, "s_adv": 0.31850798292593524, "t_adv": 0.6711750075221061}