{"s_Acc": 0.869805848785092, "s_IoU": 0.5575003290016739, "s_mIoU": 0.6755821942849387, "t_Acc": 0.5892247050985131, "t_IoU": 0.3706790394788347, "t_mIoU": 0.5749369341415972, "bn_loss": 0.27931416034698486, "s_adv": 0.31021867590871727, "t_adv": 0.7512367904186249}