{"s_Acc": 0.8626915905857172, "s_IoU": 0.5378240275556768, "s_mIoU": 0.6583629605364997, "t_Acc": 0.5058842304862846, "t_IoU": 0.34833829469247723, "t_mIoU": 0.5716087238710312, "bn_loss": 0.2990695834159851, "s_adv": 0.4307591718706218, "t_adv": 1.0070867583155632}