{"s_Acc": 0.8960689761850912, "s_IoU": 0.5701918276046228, "s_mIoU": 0.6833604852044174, "t_Acc": 0.560662206042212, "t_IoU": 0.3838610499261073, "t_mIoU": 0.5932342833069608, "bn_loss": 0.2767508029937744, "s_adv": 0.12623802741820161, "t_adv": 0.22024291716516017}