{"s_Acc": 0.8858468194509687, "s_IoU": 0.5691902761572122, "s_mIoU": 0.6839185493970887, "t_Acc": 0.5591692871077101, "t_IoU": 0.38048877256334024, "t_mIoU": 0.5904276951169275, "bn_loss": 0.2841016352176666, "s_adv": 0.18989944136278195, "t_adv": 0.33694674670696256}