{"s_Acc": 0.8581519403837394, "s_IoU": 0.544100801669669, "s_mIoU": 0.6649728669282428, "t_Acc": 0.5231652921246376, "t_IoU": 0.354385426834683, "t_mIoU": 0.5735177771904224, "bn_loss": 0.28460535407066345, "s_adv": 0.3329269398342479, "t_adv": 0.7978331908583641}