{"s_Acc": 0.8457103533628986, "s_IoU": 0.5362852972009206, "s_mIoU": 0.6596463270079811, "t_Acc": 0.5130848394932155, "t_IoU": 0.34517358401020093, "t_mIoU": 0.5669381743365067, "bn_loss": 0.29845795035362244, "s_adv": 0.46474050865931943, "t_adv": 1.0982381492853164}