{"s_Acc": 0.8987304885707069, "s_IoU": 0.5619246377560415, "s_mIoU": 0.6753473053250666, "t_Acc": 0.619670101913466, "t_IoU": 0.3889397855565822, "t_mIoU": 0.5862979418761699, "bn_loss": 0.26946598291397095, "s_adv": 0.1394373896447095, "t_adv": 0.25731571577489376}