{"s_Acc": 0.8915914914391131, "s_IoU": 0.5648695434933981, "s_mIoU": 0.6791279590728525, "t_Acc": 0.5877445354717239, "t_IoU": 0.38367970169176696, "t_mIoU": 0.587678042675587, "bn_loss": 0.2761763632297516, "s_adv": 0.15413102829320866, "t_adv": 0.34876714162528516}