{"s_Acc": 0.887871519534456, "s_IoU": 0.581465322488098, "s_mIoU": 0.694712210968565, "t_Acc": 0.5649985705776176, "t_IoU": 0.38595874840535566, "t_mIoU": 0.5943032685438215, "bn_loss": 0.27476388216018677, "s_adv": 0.09003882118585435, "t_adv": 0.18358203768730164}