{"s_Acc": 0.8810627740487029, "s_IoU": 0.5700278985443729, "s_mIoU": 0.6853657741724963, "t_Acc": 0.5687719656822634, "t_IoU": 0.37927477132606413, "t_mIoU": 0.587366607303101, "bn_loss": 0.28426897525787354, "s_adv": 0.15486359477720477, "t_adv": 0.3062465589493513}