{"s_Acc": 0.25485011257336954, "s_IoU": 0.1878306212782306, "s_mIoU": 0.4548098831994004, "t_Acc": 0.09480340217526188, "t_IoU": 0.07788118374638127, "t_mIoU": 0.4272493198919013, "bn_loss": 0.3041640818119049, "s_adv": 0.6839136684482748, "t_adv": 0.6932551592588425}