{"s_Acc": 0.9088457551529119, "s_IoU": 0.5605070923222577, "s_mIoU": 0.6725046601789231, "t_Acc": 0.6144581849205588, "t_IoU": 0.39217126677017916, "t_mIoU": 0.5903923070303249, "bn_loss": 0.2728520929813385, "s_adv": 0.11659772059118206, "t_adv": 0.20462678484618663}