{"s_Acc": 0.8552123114999095, "s_IoU": 0.5641125010041506, "s_mIoU": 0.6837350268534388, "t_Acc": 0.5176819898679502, "t_IoU": 0.36089848235981875, "t_mIoU": 0.5808473777683933, "bn_loss": 0.2887425422668457, "s_adv": 0.33034132759679447, "t_adv": 0.7991641640663147}