{"s_Acc": 0.8748838795316549, "s_IoU": 0.5591587459221199, "s_mIoU": 0.6763479579894568, "t_Acc": 0.5401420202882984, "t_IoU": 0.3668547117506258, "t_mIoU": 0.581647554572048, "bn_loss": 0.28952908515930176, "s_adv": 0.26382361589507625, "t_adv": 0.6969017326831818}