{"s_Acc": 0.8983013934755614, "s_IoU": 0.573253610974416, "s_mIoU": 0.6858375165990271, "t_Acc": 0.590466287680579, "t_IoU": 0.38925965342741775, "t_mIoU": 0.5923581231588597, "bn_loss": 0.2674705386161804, "s_adv": 0.11889050079678948, "t_adv": 0.23044772297143937}