{"s_Acc": 0.8872392358417052, "s_IoU": 0.5697404288419832, "s_mIoU": 0.6842193013230997, "t_Acc": 0.538640801804462, "t_IoU": 0.3752803699479504, "t_mIoU": 0.589774471328967, "bn_loss": 0.29387035965919495, "s_adv": 0.16719192554327575, "t_adv": 0.34785704836249354}