{"s_Acc": 0.6737665406054018, "s_IoU": 0.3778252580682675, "s_mIoU": 0.532288908397206, "t_Acc": 0.15084965886352372, "t_IoU": 0.12624130122611288, "t_mIoU": 0.4580584368061924, "bn_loss": 0.3063904643058777, "s_adv": 0.6116943657398224, "t_adv": 0.8637000486254692}