{"s_Acc": 0.9023323423663122, "s_IoU": 0.5631151230948056, "s_mIoU": 0.6759162895189231, "t_Acc": 0.5914662833808124, "t_IoU": 0.39065402463233845, "t_mIoU": 0.5934583279813773, "bn_loss": 0.2811708152294159, "s_adv": 0.17515517229383643, "t_adv": 0.267270565405488}