{"s_Acc": 0.8848844338184721, "s_IoU": 0.567978380577574, "s_mIoU": 0.6829530918494237, "t_Acc": 0.5647862821048817, "t_IoU": 0.3806334742403177, "t_mIoU": 0.5894349789216601, "bn_loss": 0.2769535779953003, "s_adv": 0.15515033731406386, "t_adv": 0.30563593581318854}