{"s_Acc": 0.7736514203609047, "s_IoU": 0.40454104963407317, "s_mIoU": 0.5368518321959428, "t_Acc": 0.2749923179171371, "t_IoU": 0.20515114223839134, "t_mIoU": 0.4926163560099471, "bn_loss": 0.30174520611763, "s_adv": 0.6353397572582419, "t_adv": 0.8611353397369385}