{"s_Acc": 0.864575941205027, "s_IoU": 0.5227398744104824, "s_mIoU": 0.6435960245673169, "t_Acc": 0.5507854923477655, "t_IoU": 0.3508721952866403, "t_mIoU": 0.5639248610432493, "bn_loss": 0.28332406282424927, "s_adv": 0.46222595599564636, "t_adv": 1.1380966201424598}