{"s_Acc": 0.8766708089095636, "s_IoU": 0.5918706633431919, "s_mIoU": 0.7054133070656656, "t_Acc": 0.5090407090894964, "t_IoU": 0.37274796914412667, "t_mIoU": 0.5934807240527928, "bn_loss": 0.2748299539089203, "s_adv": 0.15928549014709212, "t_adv": 0.2660272765904665}