{"s_Acc": 0.8936959474447771, "s_IoU": 0.5751251177078657, "s_mIoU": 0.6881925641239085, "t_Acc": 0.5919798554938467, "t_IoU": 0.39049945946273973, "t_mIoU": 0.5932147916970818, "bn_loss": 0.26459938287734985, "s_adv": 0.08977984196760437, "t_adv": 0.18000101428478957}