{"s_Acc": 0.8744888425731498, "s_IoU": 0.5454207235553402, "s_mIoU": 0.6636428816470581, "t_Acc": 0.5440297091867912, "t_IoU": 0.36346209513212246, "t_mIoU": 0.5776190078723655, "bn_loss": 0.29294446110725403, "s_adv": 0.3828928287733685, "t_adv": 0.9721150055527688}