{"s_Acc": 0.881126923110463, "s_IoU": 0.5651800404086069, "s_mIoU": 0.6809446006250718, "t_Acc": 0.5513526115531927, "t_IoU": 0.37304291309864873, "t_mIoU": 0.5851029409763034, "bn_loss": 0.28804636001586914, "s_adv": 0.25471002845601604, "t_adv": 0.5415083684027195}