{"s_Acc": 0.8437435895382237, "s_IoU": 0.5056565841894399, "s_mIoU": 0.6305164289452809, "t_Acc": 0.45830541401601893, "t_IoU": 0.3165012044964645, "t_mIoU": 0.552088511871044, "bn_loss": 0.29799404740333557, "s_adv": 0.6092395037412643, "t_adv": 1.1993615567684173}