{"s_Acc": 0.8907654880592735, "s_IoU": 0.5759192456023581, "s_mIoU": 0.6893239127429865, "t_Acc": 0.5435491852792393, "t_IoU": 0.38094998815792, "t_mIoU": 0.5939667956314089, "bn_loss": 0.2778024971485138, "s_adv": 0.08836515112356706, "t_adv": 0.19099615830928088}