{"s_Acc": 0.8771519268727643, "s_IoU": 0.5876205594092483, "s_mIoU": 0.7016202107676477, "t_Acc": 0.5326476772311264, "t_IoU": 0.37653362282998126, "t_mIoU": 0.5921313667240844, "bn_loss": 0.27818581461906433, "s_adv": 0.10161987565119159, "t_adv": 0.23464821986854076}