{"s_Acc": 0.8872434276123685, "s_IoU": 0.5833169539287786, "s_mIoU": 0.6964516596991372, "t_Acc": 0.5709243988051449, "t_IoU": 0.38555412355165763, "t_mIoU": 0.5927654846196058, "bn_loss": 0.2667989730834961, "s_adv": 0.06908945049243895, "t_adv": 0.13602514043450356}