{"s_Acc": 0.8994891616342651, "s_IoU": 0.574938577407227, "s_mIoU": 0.6872039211345499, "t_Acc": 0.5842651244037449, "t_IoU": 0.39100795306969166, "t_mIoU": 0.5951845696089318, "bn_loss": 0.2644115090370178, "s_adv": 0.08102816402573478, "t_adv": 0.14506478868424894}