{"s_Acc": 0.8804601321627864, "s_IoU": 0.5758727998658738, "s_mIoU": 0.6907245723666837, "t_Acc": 0.5547493271115378, "t_IoU": 0.3809490604241717, "t_mIoU": 0.5917356751966365, "bn_loss": 0.2777513265609741, "s_adv": 0.15376772054217078, "t_adv": 0.3277468360960484}