{"s_Acc": 0.885320303114422, "s_IoU": 0.5796772044328469, "s_mIoU": 0.6934622871228083, "t_Acc": 0.5340256524070743, "t_IoU": 0.3778263328476333, "t_mIoU": 0.5930291465673655, "bn_loss": 0.2787081301212311, "s_adv": 0.11046409242871133, "t_adv": 0.20014788992702962}