{"s_Acc": 0.8969950580895204, "s_IoU": 0.5712705871741766, "s_mIoU": 0.6842138625368942, "t_Acc": 0.5904304396271283, "t_IoU": 0.3917175890410559, "t_mIoU": 0.5946447798446366, "bn_loss": 0.2698458433151245, "s_adv": 0.08636485285718333, "t_adv": 0.17742110509425402}