{"s_Acc": 0.7733090799478828, "s_IoU": 0.4273728208098313, "s_mIoU": 0.5631903947298527, "t_Acc": 0.2702688744001201, "t_IoU": 0.20912447915415414, "t_mIoU": 0.49917778972949883, "bn_loss": 0.3105677366256714, "s_adv": 0.7785498608242382, "t_adv": 1.0957233279943466}