{"s_Acc": 0.8710120307934959, "s_IoU": 0.5639317643298651, "s_mIoU": 0.6812812064207662, "t_Acc": 0.5250954373177537, "t_IoU": 0.36614017446191494, "t_mIoU": 0.5841455852305173, "bn_loss": 0.2956352233886719, "s_adv": 0.18800077587366104, "t_adv": 0.4572260409593582}