{"s_Acc": 0.8825659729498302, "s_IoU": 0.5582798096024907, "s_mIoU": 0.674389271951809, "t_Acc": 0.5672068006707236, "t_IoU": 0.3748047594538349, "t_mIoU": 0.5834892093405164, "bn_loss": 0.2893671989440918, "s_adv": 0.18517973223193127, "t_adv": 0.45283548906445503}