{"s_Acc": 0.885699658359463, "s_IoU": 0.5579932091605478, "s_mIoU": 0.6736527637380164, "t_Acc": 0.5576732683415291, "t_IoU": 0.372123633403505, "t_mIoU": 0.5829337692027786, "bn_loss": 0.29811760783195496, "s_adv": 0.20008679360828616, "t_adv": 0.42593330442905425}