{"s_Acc": 0.8858404569419259, "s_IoU": 0.5550007140108628, "s_mIoU": 0.6708500058783724, "t_Acc": 0.5935038727397103, "t_IoU": 0.37795915742203595, "t_mIoU": 0.5810769286976157, "bn_loss": 0.28339484333992004, "s_adv": 0.3190412802452391, "t_adv": 0.696560737490654}