{"s_Acc": 0.8678405071683208, "s_IoU": 0.5786840132595081, "s_mIoU": 0.6949780621420233, "t_Acc": 0.5064737984727429, "t_IoU": 0.36494640093160885, "t_mIoU": 0.5869516280851728, "bn_loss": 0.2860109210014343, "s_adv": 0.1402169926600023, "t_adv": 0.32592724934220313}