{"s_Acc": 0.9109897709942121, "s_IoU": 0.55922322758544, "s_mIoU": 0.6709739263161778, "t_Acc": 0.6122508547785855, "t_IoU": 0.3936655554846886, "t_mIoU": 0.5922280598629411, "bn_loss": 0.2767949402332306, "s_adv": 0.10333038417791779, "t_adv": 0.1681769486516714}