{"Acc": 0.852339213255926, "IoU": 0.6568983600199252, "mIoU": 0.7621148934657221}