{"Acc": 0.7648518662274147, "IoU": 0.5292142423263407, "mIoU": 0.6657990967676224}