{"Acc": 0.8344394417814084, "IoU": 0.5760831413355578, "mIoU": 0.6970333093482518}