{"Acc": 0.8661596711549778, "IoU": 0.7582512987274403, "mIoU": 0.837807361501191}