{"Acc": 0.8731311241600946, "IoU": 0.7419114641813344, "mIoU": 0.8254153757028649}