{"Acc": 0.861073882124467, "IoU": 0.7252412849653475, "mIoU": 0.8138854930354016}