{"Acc": 0.867203047262533, "IoU": 0.736092735154494, "mIoU": 0.8215125590557004}