{"Acc": 0.5350764157476471, "IoU": 0.3928988818461081, "mIoU": 0.5838950592701954}