{"Acc": 0.2020587387467785, "IoU": 0.17060797081683193, "mIoU": 0.4626981431400824}