{"Acc": 0.8629902042988559, "IoU": 0.7507234762591629, "mIoU": 0.8325277104307292}