{"Acc": 0.8626162481366833, "IoU": 0.7141196184266752, "mIoU": 0.8054462109371685}