{"Acc": 0.8647840783620632, "IoU": 0.7579495479940637, "mIoU": 0.8376711725140817}