{"Acc": 0.8483478850200785, "IoU": 0.663018443855648, "mIoU": 0.7673381619909923}