{"Acc": 0.8134654285580466, "IoU": 0.6058638174052311, "mIoU": 0.7249831722103436}