{"Acc": 0.8657448989557448, "IoU": 0.7582126389320577, "mIoU": 0.8378042333207858}