{"Acc": 0.6659422712746852, "IoU": 0.4663341765217192, "mIoU": 0.6255870613240672}