{"Acc": 0.8390247634036542, "IoU": 0.6219882883172991, "mIoU": 0.7353145137299886}