{"Acc": 0.8675447199709582, "IoU": 0.7674404645401276, "mIoU": 0.8443693261999068}