{"Acc": 0.8611790065058916, "IoU": 0.7213227341230196, "mIoU": 0.8109550112731689}