{"Acc": 0.8532864777540409, "IoU": 0.6578234382676134, "mIoU": 0.7627572222198379}