{"Acc": 0.8647690447628924, "IoU": 0.767803741873193, "mIoU": 0.8447891696079879}