{"Acc": 0.17733315918490855, "IoU": 0.126846454361895, "mIoU": 0.41199638824968565}