{"Acc": 0.8656014702933864, "IoU": 0.6821741590756613, "mIoU": 0.7807571580754246}