{"Acc": 0.7982669399851333, "IoU": 0.5821696240818792, "mIoU": 0.7070697566992286}