{"Acc": 0.8625322151192057, "IoU": 0.7523538495507461, "mIoU": 0.833743609536177}