{"Acc": 0.8601668795995611, "IoU": 0.7529785161665425, "mIoU": 0.8343438652263873}