{"Acc": 0.8618418884978265, "IoU": 0.7155974360731969, "mIoU": 0.8066158135734941}