{"Acc": 0.8631607082147575, "IoU": 0.7684827190667743, "mIoU": 0.8453686536262035}