{"Acc": 0.8547298510247892, "IoU": 0.7597355838999543, "mIoU": 0.8395621026959748}