{"Acc": 0.8676399820158261, "IoU": 0.7074451887230779, "mIoU": 0.8000144931812423}