{"Acc": 0.8608373337974665, "IoU": 0.6806377424535598, "mIoU": 0.7799808741822347}