{"Acc": 0.8671211935628714, "IoU": 0.7432630530652213, "mIoU": 0.8268040825349279}