{"Acc": 0.8622809656313454, "IoU": 0.7405570616894679, "mIoU": 0.8251322773774835}