{"Acc": 0.7824533297242845, "IoU": 0.5704327730289104, "mIoU": 0.6992093327081821}