{"Acc": 0.8527878202876906, "IoU": 0.7322583199913197, "mIoU": 0.8196614040638723}