{"Acc": 0.8704306169478824, "IoU": 0.7452851539832395, "mIoU": 0.8280754413235722}