{"Acc": 0.7633536406353679, "IoU": 0.5336192001133648, "mIoU": 0.6699663956896658}