{"Acc": 0.8564491480935845, "IoU": 0.6857208089573422, "mIoU": 0.7843001295305196}