{"Acc": 0.8679429441298264, "IoU": 0.7088136586634273, "mIoU": 0.8010296911679692}