{"Acc": 0.8285274327355403, "IoU": 0.5920207039810701, "mIoU": 0.7115334142355141}