{"Acc": 0.8615800009840174, "IoU": 0.7051472661727483, "mIoU": 0.7987442317891019}