{"Acc": 0.8501928437703942, "IoU": 0.6285227138768406, "mIoU": 0.7394354471947024}