{"Acc": 0.8677435180808765, "IoU": 0.7682705479883245, "mIoU": 0.8449558827166059}