{"Acc": 0.8680586326620198, "IoU": 0.7371482877735627, "mIoU": 0.822235295227497}