{"Acc": 0.8496017684536137, "IoU": 0.6253251412438902, "mIoU": 0.7368727463769713}