{"Acc": 0.8341384373596833, "IoU": 0.6945593147456025, "mIoU": 0.7929161583079525}