{"Acc": 0.8715346076407917, "IoU": 0.7638657529245848, "mIoU": 0.8415572723618558}