{"Acc": 0.8525918663722101, "IoU": 0.7200082338500764, "mIoU": 0.8105977795383994}