{"Acc": 0.868408468577857, "IoU": 0.6746921210168711, "mIoU": 0.7746559961686504}