{"Acc": 0.8497777391328502, "IoU": 0.651758540293377, "mIoU": 0.7582758480245034}