{"Acc": 0.7559373851702668, "IoU": 0.5267241348469749, "mIoU": 0.6649797435306597}