{"Acc": 0.8716657360856468, "IoU": 0.7463994208291671, "mIoU": 0.8288144830922608}