{"Acc": 0.7950002533918681, "IoU": 0.5524082189200842, "mIoU": 0.6818345645291204}