{"Acc": 0.8654861511370942, "IoU": 0.736346647689481, "mIoU": 0.8218161494446811}