{"Acc": 0.571932447648723, "IoU": 0.4200741196946714, "mIoU": 0.601460096497178}