{"Acc": 0.8640041042095112, "IoU": 0.7670600972124476, "mIoU": 0.8442977612317897}