{"Acc": 0.8491612507540809, "IoU": 0.7481796685844894, "mIoU": 0.8315432281153072}