{"Acc": 0.868714237948705, "IoU": 0.673359317420113, "mIoU": 0.7735801717288187}