{"Acc": 0.8654406070885008, "IoU": 0.737583414429876, "mIoU": 0.8227324066231048}