{"Acc": 0.8592298468139038, "IoU": 0.7656005284964359, "mIoU": 0.8435215316308585}