{"Acc": 0.8533699197700768, "IoU": 0.6672904005151155, "mIoU": 0.7702257927478673}