{"Acc": 0.8647571508588803, "IoU": 0.7574903158429254, "mIoU": 0.837339727663137}