{"Acc": 0.6306696799860169, "IoU": 0.4490299134010737, "mIoU": 0.6163531018379432}