{"Acc": 0.7470103453324849, "IoU": 0.5146227888720593, "mIoU": 0.6555236622922858}