{"Acc": 0.8694340407669839, "IoU": 0.7438384806353738, "mIoU": 0.827076617753568}