{"Acc": 0.8528186631754241, "IoU": 0.7581183966598799, "mIoU": 0.8385096955852931}