{"Acc": 0.5222792029695459, "IoU": 0.3702569248984206, "mIoU": 0.5646196708312572}