{"Acc": 0.8240255900669206, "IoU": 0.6006846136859891, "mIoU": 0.7194025081766515}