{"Acc": 0.8444545891483566, "IoU": 0.6244986481104414, "mIoU": 0.7367682596681593}