{"Acc": 0.7597282900422315, "IoU": 0.5202478363867451, "mIoU": 0.6585359519438684}