{"Acc": 0.867662809446508, "IoU": 0.7539248275904126, "mIoU": 0.8345708441449822}