{"Acc": 0.8658848185470437, "IoU": 0.7660950303830643, "mIoU": 0.843494956616821}