{"Acc": 0.6911842383461534, "IoU": 0.4940398295170574, "mIoU": 0.6463783936694227}