{"Acc": 0.8604621217572305, "IoU": 0.7172960405087213, "mIoU": 0.8079934346872519}