{"Acc": 0.817622569635853, "IoU": 0.6184123882043698, "mIoU": 0.734801583820277}