{"Acc": 0.8680074740997312, "IoU": 0.7659585793097986, "mIoU": 0.8432743552726719}