{"Acc": 0.8547362781654665, "IoU": 0.6534128407020983, "mIoU": 0.7591030626594839}