{"Acc": 0.8522204219661643, "IoU": 0.7008681056679853, "mIoU": 0.7962384609152229}