{"Acc": 0.8656812554880025, "IoU": 0.7517559094031742, "mIoU": 0.8331126782944984}