{"Acc": 0.8481842514959355, "IoU": 0.6263033410682207, "mIoU": 0.7378354968659824}