{"Acc": 0.8637807795397665, "IoU": 0.7674310192701893, "mIoU": 0.8445773591830199}