{"Acc": 0.8703579976457457, "IoU": 0.7555380439625422, "mIoU": 0.8355807054637782}