{"Acc": 0.8553549089244616, "IoU": 0.6901313766623026, "mIoU": 0.7877882431892635}