{"Acc": 0.2820062001961238, "IoU": 0.23187650426382847, "mIoU": 0.49696178432520377}