{"Acc": 0.8672236215002187, "IoU": 0.7613141253749649, "mIoU": 0.8399635113054142}