{"Acc": 0.7529999233175629, "IoU": 0.5417224014744523, "mIoU": 0.6786725466648389}