{"Acc": 0.7514126406214217, "IoU": 0.46841396978487737, "mIoU": 0.6231292151624035}