{"Acc": 0.7525187074860081, "IoU": 0.45185606968211134, "mIoU": 0.6069842145785856}