{"Acc": 0.42455900358250914, "IoU": 0.2995919854603666, "mIoU": 0.5306515342025702}