{"Acc": 0.6962988259703791, "IoU": 0.431345950905484, "mIoU": 0.597795255261101}