{"Acc": 0.29030669301801537, "IoU": 0.22201109590212809, "mIoU": 0.4927030341652459}