{"Acc": 0.7886242239763643, "IoU": 0.48016140565239673, "mIoU": 0.6277788283368148}