{"Acc": 0.5461235362100312, "IoU": 0.3753382876676596, "mIoU": 0.5752886146679311}