{"s_Acc": 0.893097516863118, "s_IoU": 0.7414907695591924, "s_mIoU": 0.8237800338981316, "t_Acc": 0.6771976746799461, "t_IoU": 0.5730464789711965, "t_mIoU": 0.7221365580907403}