{"s_Acc": 0.9120972158956339, "s_IoU": 0.7127379577799144, "s_mIoU": 0.8005997954718258, "t_Acc": 0.7534288834858337, "t_IoU": 0.5750206763797824, "t_mIoU": 0.7150418281399533}