{"s_Acc": 0.8931852436396055, "s_IoU": 0.7421316048940011, "s_mIoU": 0.8242514945520591, "t_Acc": 0.706421757777759, "t_IoU": 0.5827964165335083, "t_mIoU": 0.7263797823224889}