{"s_Acc": 0.8986992132145558, "s_IoU": 0.7412678295789489, "s_mIoU": 0.8232389118788193, "t_Acc": 0.6717086315018098, "t_IoU": 0.5675066333682531, "t_mIoU": 0.7185197267382784}