{"Acc": 0.7296809877377212, "IoU": 0.45785315954495187, "mIoU": 0.619670625110126}