{"Acc": 0.8188122902719398, "IoU": 0.6762843304002385, "mIoU": 0.7874382185561986}