{"Acc": 0.8469708888480216, "IoU": 0.6382471745137412, "mIoU": 0.7565645295867021}