{"Acc": 0.2120833892201336, "IoU": 0.12691522134446287, "mIoU": 0.40032301664557157}