{"Acc": 0.8321114236841252, "IoU": 0.6330080483011095, "mIoU": 0.753878876472236}