{"Acc": 0.8203508657485177, "IoU": 0.6016454507125812, "mIoU": 0.7305276794901914}