{"Acc": 0.824659439562244, "IoU": 0.6179527368525735, "mIoU": 0.7429196486002523}