{"Acc": 0.13919894774625596, "IoU": 0.10542503684906905, "mIoU": 0.42276017103137153}