{"Acc": 0.8300608151566877, "IoU": 0.6421457768117216, "mIoU": 0.7610563082248465}