{"Acc": 0.8374005687373328, "IoU": 0.6367137043615347, "mIoU": 0.7562478109874545}