{"Acc": 0.8249520703068004, "IoU": 0.6681517792978873, "mIoU": 0.7809866444651781}