{"Acc": 0.8102653287418277, "IoU": 0.5594620368341766, "mIoU": 0.6973734235508262}