{"Acc": 0.8304113565067616, "IoU": 0.5914998661656662, "mIoU": 0.7213351612174608}