{"Acc": 0.7542943924368254, "IoU": 0.46334838931780464, "mIoU": 0.6205115528616454}