{"Acc": 0.8327741587383469, "IoU": 0.6859724844514662, "mIoU": 0.7934887779074409}