{"Acc": 0.8355456959339803, "IoU": 0.6502220556493996, "mIoU": 0.7667116387473414}