{"Acc": 0.8296780992826567, "IoU": 0.7159415667962126, "mIoU": 0.8152651247526284}