{"Acc": 0.8241499005234117, "IoU": 0.6779448942277222, "mIoU": 0.7882540869305218}