{"Acc": 0.8249528839561143, "IoU": 0.5841819111308482, "mIoU": 0.7160061422559403}