{"Acc": 0.8452156880856252, "IoU": 0.6231571968945879, "mIoU": 0.7450006795604198}