{"Acc": 0.8203378296714663, "IoU": 0.7079805742359037, "mIoU": 0.8102000185412651}