{"Acc": 0.8314796957439755, "IoU": 0.7099994671384525, "mIoU": 0.8109197760141371}