{"Acc": 0.83974315355227, "IoU": 0.7048197789229529, "mIoU": 0.8066655901944264}