{"Acc": 0.685134925962246, "IoU": 0.46524326675062355, "mIoU": 0.6341506359241027}