{"Acc": 0.8165281643914054, "IoU": 0.6798254466853553, "mIoU": 0.7901931954578516}