{"Acc": 0.8050718405470921, "IoU": 0.6108584060813839, "mIoU": 0.7393167121646089}