{"Acc": 0.8365338730257441, "IoU": 0.7170700182120286, "mIoU": 0.8156387078270422}