{"Acc": 0.8453007498149876, "IoU": 0.6902439883599116, "mIoU": 0.7957093556538135}