{"Acc": 0.8326883717998134, "IoU": 0.6831142648096642, "mIoU": 0.791406448018128}