{"Acc": 0.7168808689873726, "IoU": 0.47161450505109886, "mIoU": 0.6345727670478027}