{"Acc": 0.8231694354121017, "IoU": 0.6782131098613093, "mIoU": 0.7885235889054905}