{"Acc": 0.8195701869198337, "IoU": 0.6147202957148308, "mIoU": 0.7408951619208184}