{"Acc": 0.8316007702994935, "IoU": 0.6760698468380156, "mIoU": 0.7863174751731092}