{"Acc": 0.8347189574789168, "IoU": 0.7133687475243784, "mIoU": 0.8131167553009172}