{"Acc": 0.6670563457279423, "IoU": 0.42315831800511466, "mIoU": 0.5983878074711969}