{"Acc": 0.4474716050982063, "IoU": 0.3192255805540101, "mIoU": 0.5469832168330947}