{"Acc": 0.812155029273422, "IoU": 0.5979737002124486, "mIoU": 0.7284709711366417}