{"Acc": 0.8409932549710037, "IoU": 0.7186161074812285, "mIoU": 0.8164613523764204}