{"Acc": 0.8318452365422713, "IoU": 0.7057173900467717, "mIoU": 0.807832393897534}