{"Acc": 0.8425554616537426, "IoU": 0.6543888614888694, "mIoU": 0.7692716352748963}