{"Acc": 0.556731052800481, "IoU": 0.3627361729351644, "mIoU": 0.5628722250300284}