{"Acc": 0.834325894108176, "IoU": 0.698980444060503, "mIoU": 0.802820507759115}