{"Acc": 0.8385354680260317, "IoU": 0.7198226841611994, "mIoU": 0.8174714965677825}