{"Acc": 0.7670792994826092, "IoU": 0.5060435224446127, "mIoU": 0.6574367948450268}