{"Acc": 0.8276078216674565, "IoU": 0.6837592935923575, "mIoU": 0.7922488119088326}