{"Acc": 0.8401440173436072, "IoU": 0.6704497191248382, "mIoU": 0.7815048798241643}