{"Acc": 0.5543773422155773, "IoU": 0.3528373635324093, "mIoU": 0.5532994029654156}