{"Acc": 0.8246265575171442, "IoU": 0.6256723995652774, "mIoU": 0.7489158700367462}