{"Acc": 0.3442459330756105, "IoU": 0.24775553218523894, "mIoU": 0.5034489643705995}