{"Acc": 0.8343185712643507, "IoU": 0.5392507485064426, "mIoU": 0.6770331108784255}