{"Acc": 0.4415395178947397, "IoU": 0.29961122680553565, "mIoU": 0.5281521794036699}