{"Acc": 0.8287947945122467, "IoU": 0.7137583326442969, "mIoU": 0.8137694820175603}