{"Acc": 0.822382388893135, "IoU": 0.6283994389920173, "mIoU": 0.7512289886321698}