{"Acc": 0.8330593781989353, "IoU": 0.7116631025605202, "mIoU": 0.8120058777620276}