{"Acc": 0.34174389068317235, "IoU": 0.25572298789618775, "mIoU": 0.5133257155278073}