{"Acc": 0.8122459634282675, "IoU": 0.665916501450356, "mIoU": 0.7803312506043489}