{"Acc": 0.2538943301242448, "IoU": 0.153785069618723, "mIoU": 0.4002281908426981}