{"Acc": 0.885136912132713, "IoU": 0.8127389767686184, "mIoU": 0.8756811462114339}