{"Acc": 0.8901896050824942, "IoU": 0.8114226835460393, "mIoU": 0.8745330444170727}