{"Acc": 0.35130100841098477, "IoU": 0.28591090069083697, "mIoU": 0.5292023612538453}