{"Acc": 0.8927688461864081, "IoU": 0.8118047017965793, "mIoU": 0.8746874788973533}