{"Acc": 0.22925060426203644, "IoU": 0.18077960407064328, "mIoU": 0.4598350016461525}