{"Acc": 0.5996080019978673, "IoU": 0.41700690371081434, "mIoU": 0.6331659610551384}