{"Acc": 0.5992212041002503, "IoU": 0.407846709148901, "mIoU": 0.6257393827787676}