{"Acc": 0.7492519232361855, "IoU": 0.5083588112280745, "mIoU": 0.6872571196844728}