{"Acc": 0.829378471952498, "IoU": 0.6114601220373382, "mIoU": 0.7563261924249776}