{"Acc": 0.8326619206618128, "IoU": 0.6146628513801189, "mIoU": 0.7583669857500137}