{"Acc": 0.7136912332015759, "IoU": 0.48555771443621437, "mIoU": 0.6733998900714039}