{"Acc": 0.8229804174335751, "IoU": 0.6305929373858612, "mIoU": 0.7701560392750924}