{"Acc": 0.828502158043374, "IoU": 0.6166929092468658, "mIoU": 0.7600804962887633}