{"Acc": 0.8271600816865801, "IoU": 0.5638101397737688, "mIoU": 0.7219408212766648}