{"Acc": 0.7740429400235352, "IoU": 0.5258893409069992, "mIoU": 0.6981993047420978}