{"Acc": 0.8099525506512649, "IoU": 0.6382250643280504, "mIoU": 0.7762294429841694}