{"Acc": 0.7362198835304986, "IoU": 0.49832516429511436, "mIoU": 0.6808756076825634}