{"Acc": 0.7914796608504675, "IoU": 0.6647747416689291, "mIoU": 0.795236607425736}