{"Acc": 0.5766806769894092, "IoU": 0.4086070710753403, "mIoU": 0.6295996577901839}