{"Acc": 0.6125893246348211, "IoU": 0.4188351178256539, "mIoU": 0.6328466519162627}