{"Acc": 0.8110603013107474, "IoU": 0.5598956752193192, "mIoU": 0.7203880123898438}