{"Acc": 0.820269622209197, "IoU": 0.6304424735095662, "mIoU": 0.7702232686454941}