{"Acc": 0.6888434004574808, "IoU": 0.46714117227570695, "mIoU": 0.6618026563152796}