{"Acc": 0.7593734749309049, "IoU": 0.4876699927664281, "mIoU": 0.6524335430503923}