{"Acc": 0.6760803632910066, "IoU": 0.4194097082881497, "mIoU": 0.6044862026491116}