{"Acc": 0.779157136665553, "IoU": 0.49539756973500193, "mIoU": 0.6563573808161766}