{"Acc": 0.785878139439286, "IoU": 0.5206779508037865, "mIoU": 0.6769453222680514}