{"Acc": 0.5664610155725224, "IoU": 0.3783564836844855, "mIoU": 0.5870610862579801}