{"Acc": 0.8162623066715056, "IoU": 0.5675751537249994, "mIoU": 0.7115955166850958}