{"Acc": 0.7864767236290575, "IoU": 0.5274271678595537, "mIoU": 0.6824732622383314}