{"Acc": 0.8167418392823543, "IoU": 0.5697932181459253, "mIoU": 0.7133044329871577}