{"Acc": 0.8201792426274157, "IoU": 0.5769074498949462, "mIoU": 0.718565251298307}