{"Acc": 0.41951726024486496, "IoU": 0.30510037474736207, "mIoU": 0.5509873998567685}