{"Acc": 0.7538629457173454, "IoU": 0.47716052303961487, "mIoU": 0.6440606023055843}