{"Acc": 0.8033099119127538, "IoU": 0.5636529722867065, "mIoU": 0.7098531300239652}