{"Acc": 0.8036201013477453, "IoU": 0.582471066517808, "mIoU": 0.7245605981014704}