{"Acc": 0.7542009370223105, "IoU": 0.4656615306880041, "mIoU": 0.633794871248109}