{"Acc": 0.7669635513158426, "IoU": 0.5082314764213476, "mIoU": 0.6462798233789103}