{"Acc": 0.706205574236947, "IoU": 0.4901673042075803, "mIoU": 0.6402012822615961}