{"Acc": 0.8263463419153145, "IoU": 0.570820148360952, "mIoU": 0.6935446733189881}