{"Acc": 0.8580249426248413, "IoU": 0.588056901135242, "mIoU": 0.7043154742294624}