{"Acc": 0.8517918351082338, "IoU": 0.5841063671811845, "mIoU": 0.701697819008833}