{"Acc": 0.8485057193425759, "IoU": 0.6387876653232883, "mIoU": 0.7479826972855629}