{"Acc": 0.794635679377581, "IoU": 0.5499662370253364, "mIoU": 0.6797312810261589}