{"Acc": 0.5773981767310026, "IoU": 0.4224378751019968, "mIoU": 0.6024985506832949}