{"Acc": 0.8482378110015805, "IoU": 0.626561890448752, "mIoU": 0.7380419879883988}