{"Acc": 0.8569851494635258, "IoU": 0.5942646554418672, "mIoU": 0.7098273658829614}