{"Acc": 0.6486639747536004, "IoU": 0.4612502322196935, "mIoU": 0.6241912592339083}