{"Acc": 0.8414192426818877, "IoU": 0.5822599769938197, "mIoU": 0.7014714715317436}