{"Acc": 0.3695955319109012, "IoU": 0.29741899791787746, "mIoU": 0.5349777894829519}