{"Acc": 0.214278432303666, "IoU": 0.1587621058591381, "mIoU": 0.4372299475530496}