{"Acc": 0.8571696527260754, "IoU": 0.6159776374053251, "mIoU": 0.7282472162110545}