{"Acc": 0.8640811929600499, "IoU": 0.6502523177587094, "mIoU": 0.7556315961745457}