{"Acc": 0.6582350074887925, "IoU": 0.4579587942629808, "mIoU": 0.6582155808642491}