{"Acc": 0.8166109313900778, "IoU": 0.6255404309874885, "mIoU": 0.7670543308698665}