{"Acc": 0.6361753295485988, "IoU": 0.4333140641541231, "mIoU": 0.6413901430127631}