{"Acc": 0.519877881002349, "IoU": 0.3716646353763043, "mIoU": 0.6079595737429445}