{"Acc": 0.5879051988847381, "IoU": 0.4141505207990613, "mIoU": 0.6324911832381707}