{"Acc": 0.5959733857366911, "IoU": 0.4163256986546124, "mIoU": 0.6331208923260323}