{"Acc": 0.10653280784458236, "IoU": 0.05891062105509234, "mIoU": 0.38895895678454395}