{"Acc": 0.355681691972772, "IoU": 0.26850241117449314, "mIoU": 0.5508227700360947}