{"Acc": 0.8122373866971054, "IoU": 0.5572570257217979, "mIoU": 0.7183272546257827}