{"Acc": 0.14738861665022107, "IoU": 0.12561389436639755, "mIoU": 0.47753356798460694}