{"Acc": 0.5248882780014393, "IoU": 0.35518127821696477, "mIoU": 0.593085312433616}