{"Acc": 0.48036896346509284, "IoU": 0.3523208618595146, "mIoU": 0.598462331074226}