{"Acc": 0.7785994513568741, "IoU": 0.5163638066691645, "mIoU": 0.6904641198438703}