{"Acc": 0.8293210140075408, "IoU": 0.5923581365724235, "mIoU": 0.7426791461009102}