{"Acc": 0.854344961335947, "IoU": 0.7621273978908937, "mIoU": 0.8413069596396012}