{"Acc": 0.12391900295692797, "IoU": 0.10824831998839439, "mIoU": 0.4291432290629498}