{"Acc": 0.8649489308266796, "IoU": 0.7288216980588281, "mIoU": 0.8162759392473575}