{"Acc": 0.860363313703713, "IoU": 0.6355533708623963, "mIoU": 0.7440873690504985}