{"Acc": 0.8658267895929965, "IoU": 0.7061364621175278, "mIoU": 0.7991620957425896}