{"Acc": 0.8558574817753625, "IoU": 0.7262234226641943, "mIoU": 0.8149852362435034}