{"Acc": 0.8579817256444243, "IoU": 0.6465912116902806, "mIoU": 0.7533021472069179}