{"Acc": 0.8715492718640614, "IoU": 0.7623765178629444, "mIoU": 0.840477785292528}