{"Acc": 0.8546173391253444, "IoU": 0.6711345751353905, "mIoU": 0.7731253709965162}