{"Acc": 0.8579954664279414, "IoU": 0.6424584633640076, "mIoU": 0.749960325897373}