{"Acc": 0.6785813542295683, "IoU": 0.4816839213692339, "mIoU": 0.6373968750983517}