{"Acc": 0.860969755057975, "IoU": 0.7475871880715347, "mIoU": 0.830366891224501}