{"s_Acc": 0.9309369751630167, "s_IoU": 0.6870300174656797, "s_mIoU": 0.7788094330389737, "t_Acc": 0.6636572488403204, "t_IoU": 0.5329221483947345, "t_mIoU": 0.6924901715004206}