{"Acc": 0.803082563872864, "IoU": 0.692339948925213, "mIoU": 0.8048659537111711}