{"Acc": 0.7650430196309108, "IoU": 0.5880560590998039, "mIoU": 0.7325417386231914}