{"Acc": 0.7531642319156553, "IoU": 0.5847366204160115, "mIoU": 0.7311693648576048}