{"Acc": 0.7355142208526935, "IoU": 0.5631218704733129, "mIoU": 0.7165345903466975}