{"Acc": 0.7210532209408375, "IoU": 0.5637609385683517, "mIoU": 0.7185068909665913}