{"Acc": 0.769081585295435, "IoU": 0.5884987176727163, "mIoU": 0.7324941247473922}