{"Acc": 0.8023993135567152, "IoU": 0.693396314954898, "mIoU": 0.8056401258205251}