{"Acc": 0.8126558933206693, "IoU": 0.6929764159195554, "mIoU": 0.8047240372976716}