{"Acc": 0.7402178234207397, "IoU": 0.5625418281492688, "mIoU": 0.7156038754614562}