{"s_Acc": 0.6506874898144596, "s_IoU": 0.5802996604482494, "s_mIoU": 0.7240019456960476, "t_Acc": 0.3987340255545242, "t_IoU": 0.3707862045587348, "t_mIoU": 0.604775512764105}