{"s_Acc": 0.0015678898869754068, "s_IoU": 0.0015674459276021442, "s_mIoU": 0.38206887404181905, "t_Acc": 0.0009049199322816198, "t_IoU": 0.0009047557554513031, "t_mIoU": 0.3917037948889213}