{"s_Acc": 0.620290512668633, "s_IoU": 0.5597315917645104, "s_mIoU": 0.7118681277554325, "t_Acc": 0.37322141426592104, "t_IoU": 0.3501297172208429, "t_mIoU": 0.5930289732970462}