{"s_Acc": 0.0691930451541354, "s_IoU": 0.06849058679563122, "s_mIoU": 0.42055563626378234, "t_Acc": 0.04050441840465832, "t_IoU": 0.04025484131616781, "t_mIoU": 0.41411968897367313}