{"s_Acc": 0.5522160485554964, "s_IoU": 0.4752592042602624, "s_mIoU": 0.6542382369162697, "t_Acc": 0.34028730389984846, "t_IoU": 0.3093235809287114, "t_mIoU": 0.5653780370629626}