{"s_Acc": 0.12573101337687437, "s_IoU": 0.12318899927361464, "s_mIoU": 0.45198396796804796, "t_Acc": 0.07341220838488893, "t_IoU": 0.07253293690779009, "t_mIoU": 0.432471109901135}