{"s_Acc": 0.06256921180944991, "s_IoU": 0.06203613675822304, "s_mIoU": 0.4169117514010878, "t_Acc": 0.03666684666779879, "t_IoU": 0.0364778859261053, "t_mIoU": 0.41201139236660134}