{"s_Acc": 0.0381534278157488, "s_IoU": 0.037910911728439196, "s_mIoU": 0.4028528909330535, "t_Acc": 0.02217888693786167, "t_IoU": 0.02209391549899037, "t_mIoU": 0.4037177955461695}