{"s_Acc": 5.910014416002664e-07, "s_IoU": 5.910005683947966e-07, "s_mIoU": 0.38117691153632577, "t_Acc": 4.248649853427953e-07, "t_IoU": 4.2486462432259054e-07, "t_mIoU": 0.3911942713444848}