{"s_Acc": 0.46395471126402943, "s_IoU": 0.3956050604805836, "s_mIoU": 0.6031414251245077, "t_Acc": 0.28413752981543144, "t_IoU": 0.2559508588508512, "t_mIoU": 0.5321798990862132}