{"Acc": 0.7944058431199086, "IoU": 0.6481671846685753, "mIoU": 0.7839235521074917}