{"Acc": 0.8014211693044893, "IoU": 0.6478343721960178, "mIoU": 0.7832902506663296}