{"Acc": 0.8019642913316826, "IoU": 0.6517254161426651, "mIoU": 0.7858934188591404}