{"Acc": 0.79884454961638, "IoU": 0.6480296306634871, "mIoU": 0.7835725815482448}