{"s_Acc": 0.8936567618743787, "s_IoU": 0.7464587912476968, "s_mIoU": 0.827544241077273, "t_Acc": 0.43036168136070213, "t_IoU": 0.36733318960410966, "t_mIoU": 0.6046342480205775, "bn_loss": 0.1443571001291275, "s_adv": 0.26848379895091057, "t_adv": 0.9185688108205795}