{"s_Acc": 0.9004259475244956, "s_IoU": 0.7416315556492672, "s_mIoU": 0.8235064535821975, "t_Acc": 0.4912235265625077, "t_IoU": 0.40216574248402676, "t_mIoU": 0.6221996272178927, "bn_loss": 0.1418902426958084, "s_adv": 0.3010889803144065, "t_adv": 0.9649147436022758}