{"s_Acc": 0.8976557485138208, "s_IoU": 0.7436253788199871, "s_mIoU": 0.8251773242727143, "t_Acc": 0.45569215591593376, "t_IoU": 0.37068180757984054, "t_mIoU": 0.6024037263703078, "bn_loss": 0.14244262874126434, "s_adv": 0.30019592663103883, "t_adv": 0.8505479633808136}