{"s_Acc": 0.8800976937064943, "s_IoU": 0.7496589524503587, "s_mIoU": 0.8307748138188079, "t_Acc": 0.3993662644118424, "t_IoU": 0.3505044291792069, "t_mIoU": 0.5968642595785578, "bn_loss": 0.15352319180965424, "s_adv": 0.42515198479999194, "t_adv": 0.9092238441109657}