{"s_Acc": 0.894143568669194, "s_IoU": 0.7393078870715591, "s_mIoU": 0.822193139846162, "t_Acc": 0.43901466150388035, "t_IoU": 0.3779163502576234, "t_mIoU": 0.6117629130015756, "bn_loss": 0.15109771490097046, "s_adv": 0.6095361228693615, "t_adv": 0.913688850402832}