{"s_Acc": 0.9015182406210348, "s_IoU": 0.7391846938391606, "s_mIoU": 0.8216029589061644, "t_Acc": 0.47486596477811255, "t_IoU": 0.3945881162601919, "t_mIoU": 0.6188652292648052, "bn_loss": 0.14514076709747314, "s_adv": 0.33471584794196213, "t_adv": 0.8938476279377937}