{"s_Acc": 0.9006113210967813, "s_IoU": 0.7373021216763159, "s_mIoU": 0.820253860355669, "t_Acc": 0.48175644062527406, "t_IoU": 0.3895694786437382, "t_mIoU": 0.6134040563034319, "bn_loss": 0.1496945023536682, "s_adv": 0.4778886776078831, "t_adv": 1.1810321182012558}