{"s_Acc": 0.9081627959469619, "s_IoU": 0.7298253169169786, "s_mIoU": 0.814090676789307, "t_Acc": 0.4431393375339719, "t_IoU": 0.3748422204299961, "t_mIoU": 0.6084036927580786, "bn_loss": 0.15884333848953247, "s_adv": 0.5726623291319067, "t_adv": 0.7908207908272743}