{"s_Acc": 0.9181056385341093, "s_IoU": 0.719596836093703, "s_mIoU": 0.8055538845809733, "t_Acc": 0.46238669240260255, "t_IoU": 0.378253343599792, "t_mIoU": 0.6075307398108893, "bn_loss": 0.1596745252609253, "s_adv": 0.6684918931939385, "t_adv": 1.5289662718772887}