{"s_Acc": 0.8988824402572565, "s_IoU": 0.739019150505392, "s_mIoU": 0.8216574567507895, "t_Acc": 0.48186673463630925, "t_IoU": 0.39766028064138703, "t_mIoU": 0.620142042540459, "bn_loss": 0.15148036181926727, "s_adv": 0.4028371335430579, "t_adv": 0.9441839694976807}