{"s_Acc": 0.9059388744773901, "s_IoU": 0.7380153745440988, "s_mIoU": 0.8204252225374211, "t_Acc": 0.5058844804727103, "t_IoU": 0.4091683491858397, "t_mIoU": 0.6254214405831083, "bn_loss": 0.14268721640110016, "s_adv": 0.26493082838979637, "t_adv": 0.9137751787900925}