{"s_Acc": 0.8988907489455358, "s_IoU": 0.7333772835901518, "s_mIoU": 0.8174253963949591, "t_Acc": 0.43084950487188545, "t_IoU": 0.3678823071419634, "t_mIoU": 0.6049976813413636, "bn_loss": 0.16026242077350616, "s_adv": 0.6197028891606764, "t_adv": 0.8152606308460235}