{"s_Acc": 0.9038366266366291, "s_IoU": 0.7238301907179562, "s_mIoU": 0.8098527252290391, "t_Acc": 0.4832248608900537, "t_IoU": 0.3897681201536437, "t_mIoU": 0.6132976439998159, "bn_loss": 0.15576401352882385, "s_adv": 0.6071779849854383, "t_adv": 0.9645200222730637}