{"s_Acc": 0.9085490002458548, "s_IoU": 0.7283018267895127, "s_mIoU": 0.8129076771715787, "t_Acc": 0.46145099321106864, "t_IoU": 0.39161286342329327, "t_mIoU": 0.6188590383210857, "bn_loss": 0.15120626986026764, "s_adv": 0.37525824999267404, "t_adv": 0.7188382759690285}