{"s_Acc": 0.9029574401664971, "s_IoU": 0.7440101065887262, "s_mIoU": 0.8251139465306689, "t_Acc": 0.4039328164480669, "t_IoU": 0.35067696047775193, "t_mIoU": 0.5960375394771222, "bn_loss": 0.1495475471019745, "s_adv": 0.2506560920314355, "t_adv": 0.7315928474068641}