{"s_Acc": 0.8901256442087189, "s_IoU": 0.7426555017678256, "s_mIoU": 0.8249532708727452, "t_Acc": 0.4160597079578579, "t_IoU": 0.36052489146426425, "t_mIoU": 0.6018151601854483, "bn_loss": 0.15829311311244965, "s_adv": 0.6544447378678755, "t_adv": 0.7574686110019684}