{"s_Acc": 0.9098213149217791, "s_IoU": 0.7256520262438545, "s_mIoU": 0.8108013306304376, "t_Acc": 0.4917946455507466, "t_IoU": 0.40033087318523497, "t_mIoU": 0.620575185684736, "bn_loss": 0.15325111150741577, "s_adv": 0.5791277275844053, "t_adv": 1.2531672224402428}