{"s_Acc": 0.9035022954996963, "s_IoU": 0.7387269127327607, "s_mIoU": 0.8211253035356887, "t_Acc": 0.4326580066702378, "t_IoU": 0.3660080003278733, "t_mIoU": 0.6030560992478798, "bn_loss": 0.15362949669361115, "s_adv": 0.4623572291298346, "t_adv": 0.8853576019406318}