{"s_Acc": 0.8926100542838044, "s_IoU": 0.747190274472376, "s_mIoU": 0.8281540033560196, "t_Acc": 0.4278156196118551, "t_IoU": 0.364298211039277, "t_mIoU": 0.6025929664471346, "bn_loss": 0.14800603687763214, "s_adv": 0.24292113428766077, "t_adv": 0.8565280809998512}