{"s_Acc": 0.8992811824416158, "s_IoU": 0.7388294374500831, "s_mIoU": 0.8214885096950298, "t_Acc": 0.4344096615553775, "t_IoU": 0.3743153263587688, "t_mIoU": 0.6096670960030658, "bn_loss": 0.1582200527191162, "s_adv": 0.5130124661055478, "t_adv": 0.8272419020533561}