{"s_Acc": 0.8937099823911948, "s_IoU": 0.7387334661621301, "s_mIoU": 0.8217936596710542, "t_Acc": 0.4948595791248535, "t_IoU": 0.40722163028965985, "t_mIoU": 0.6257328352625846, "bn_loss": 0.15347258746623993, "s_adv": 0.5066939470442858, "t_adv": 0.867906641960144}