{"s_Acc": 0.9048364387929063, "s_IoU": 0.7318001344560809, "s_mIoU": 0.8158203610508439, "t_Acc": 0.4418241589481691, "t_IoU": 0.3769401011647144, "t_mIoU": 0.6104104745555551, "bn_loss": 0.15899944305419922, "s_adv": 0.5120250636881049, "t_adv": 0.7993603408336639}