{"s_Acc": 0.9009349482479129, "s_IoU": 0.7381992709177229, "s_mIoU": 0.8209043197337582, "t_Acc": 0.4222630211179533, "t_IoU": 0.3627070544918271, "t_mIoU": 0.6023815217020683, "bn_loss": 0.1573728770017624, "s_adv": 0.4709355167367242, "t_adv": 0.9015306904911995}