{"s_Acc": 0.9109636098540893, "s_IoU": 0.7347467265128723, "s_mIoU": 0.8176163622725398, "t_Acc": 0.5038012435924729, "t_IoU": 0.4006901691221331, "t_mIoU": 0.6187218859510669, "bn_loss": 0.14487040042877197, "s_adv": 0.26660000973127107, "t_adv": 0.8119023472070694}