{"s_Acc": 0.8956146930394413, "s_IoU": 0.738540513498224, "s_mIoU": 0.8215207423592323, "t_Acc": 0.4352303169937872, "t_IoU": 0.3694278855302543, "t_mIoU": 0.6054215070524165, "bn_loss": 0.15714165568351746, "s_adv": 0.6430032700300217, "t_adv": 0.7195667058229447}