{"s_Acc": 0.900627751340721, "s_IoU": 0.734291419577573, "s_mIoU": 0.8179919932844153, "t_Acc": 0.4898415516037479, "t_IoU": 0.4047120417550526, "t_mIoU": 0.6245457691025147, "bn_loss": 0.1487806886434555, "s_adv": 0.5169281153516336, "t_adv": 0.8826797276735305}