{"s_Acc": 0.9170310107567946, "s_IoU": 0.7156542788043895, "s_mIoU": 0.8025996117358967, "t_Acc": 0.48165469614999906, "t_IoU": 0.38622655882629925, "t_mIoU": 0.610597935465763, "bn_loss": 0.1595204472541809, "s_adv": 0.6305695447054777, "t_adv": 1.3489343971014023}