{"s_Acc": 0.896080952672701, "s_IoU": 0.7444797503028071, "s_mIoU": 0.8259166974634762, "t_Acc": 0.42912354859131147, "t_IoU": 0.36473102833360044, "t_mIoU": 0.6026929070633354, "bn_loss": 0.14952869713306427, "s_adv": 0.3460424975915389, "t_adv": 0.8803050592541695}