{"s_Acc": 0.8897016765473313, "s_IoU": 0.7499731994189748, "s_mIoU": 0.8303973545585532, "t_Acc": 0.4168971624840771, "t_IoU": 0.35891109874050053, "t_mIoU": 0.6002835686330305, "bn_loss": 0.14559224247932434, "s_adv": 0.2525378472425721, "t_adv": 0.8152634039521217}