{"s_Acc": 0.8965000923125209, "s_IoU": 0.7430615624020128, "s_mIoU": 0.8248338734441156, "t_Acc": 0.41224406514726253, "t_IoU": 0.35798512907920693, "t_mIoU": 0.6004660674314568, "bn_loss": 0.14920978248119354, "s_adv": 0.30595560371875763, "t_adv": 0.8537766978144645}