{"s_Acc": 0.8948140274162012, "s_IoU": 0.7369471698652911, "s_mIoU": 0.8203838530025441, "t_Acc": 0.4294417813112748, "t_IoU": 0.36679450002679653, "t_mIoU": 0.6043662689199626, "bn_loss": 0.15835623443126678, "s_adv": 0.430433216420087, "t_adv": 0.6351244539022446}