{"s_Acc": 0.9029880924894735, "s_IoU": 0.7325463463095105, "s_mIoU": 0.8165133660013599, "t_Acc": 0.47394206494587343, "t_IoU": 0.3916168956493571, "t_mIoU": 0.6165670092913855, "bn_loss": 0.15807220339775085, "s_adv": 0.5267679325558923, "t_adv": 0.7861880302429199}