{"s_Acc": 0.904629320410304, "s_IoU": 0.737227682855558, "s_mIoU": 0.8199230214641469, "t_Acc": 0.4692060721102844, "t_IoU": 0.38841274323674807, "t_mIoU": 0.6147740145849896, "bn_loss": 0.14889965951442719, "s_adv": 0.3707267025654966, "t_adv": 0.9448168605566025}