{"s_Acc": 0.9088302979985905, "s_IoU": 0.7334060787911895, "s_mIoU": 0.8167527106461153, "t_Acc": 0.4458561900088825, "t_IoU": 0.3744491192689666, "t_mIoU": 0.6075428961614305, "bn_loss": 0.15236534178256989, "s_adv": 0.4101540066979148, "t_adv": 0.8191809430718422}