{"s_Acc": 0.9104212995245072, "s_IoU": 0.7344194599344904, "s_mIoU": 0.8174069831094155, "t_Acc": 0.518185562523955, "t_IoU": 0.4079908990989678, "t_mIoU": 0.6222938883535631, "bn_loss": 0.14349965751171112, "s_adv": 0.2848167775029486, "t_adv": 0.9465128272771836}