{"s_Acc": 0.915147483521008, "s_IoU": 0.7302533836032334, "s_mIoU": 0.8139168110916706, "t_Acc": 0.53832471896776, "t_IoU": 0.41131581205263, "t_mIoU": 0.6215719747265804, "bn_loss": 0.14489857852458954, "s_adv": 0.27626626870848914, "t_adv": 0.7756449908018113}