{"s_Acc": 0.898342076106911, "s_IoU": 0.7365646968626612, "s_mIoU": 0.8198562596097558, "t_Acc": 0.4619314671213353, "t_IoU": 0.3876647814204165, "t_mIoU": 0.6155073753005731, "bn_loss": 0.15232837200164795, "s_adv": 0.5402215739542787, "t_adv": 0.8648498028516769}