{"s_Acc": 0.9013079784104349, "s_IoU": 0.742107425938529, "s_mIoU": 0.823803006412026, "t_Acc": 0.44867598689391164, "t_IoU": 0.37967523957514315, "t_mIoU": 0.6113690880161191, "bn_loss": 0.14504587650299072, "s_adv": 0.4037610360167243, "t_adv": 0.9388262599706649}