{"s_Acc": 0.8996712042459343, "s_IoU": 0.7453169747022672, "s_mIoU": 0.8263040383581417, "t_Acc": 0.4720376183573232, "t_IoU": 0.38957999124470266, "t_mIoU": 0.6152213246416199, "bn_loss": 0.14208373427391052, "s_adv": 0.2747129906307567, "t_adv": 0.9025195553898812}