{"s_Acc": 0.8923525598001932, "s_IoU": 0.7469987878979277, "s_mIoU": 0.8280288293597479, "t_Acc": 0.4361852151428178, "t_IoU": 0.37301775295680234, "t_mIoU": 0.6082393417845929, "bn_loss": 0.14871802926063538, "s_adv": 0.27071119573983277, "t_adv": 0.8919918820261955}