{"s_Acc": 0.903187164169463, "s_IoU": 0.7412837640124902, "s_mIoU": 0.8230616792612304, "t_Acc": 0.41413721234936945, "t_IoU": 0.354338229500219, "t_mIoU": 0.5969851144558369, "bn_loss": 0.15054328739643097, "s_adv": 0.390626079656861, "t_adv": 0.9455744102597237}