{"s_Acc": 0.908735309481235, "s_IoU": 0.7266888092541075, "s_mIoU": 0.8116690236345618, "t_Acc": 0.4300691472453046, "t_IoU": 0.3610021261389948, "t_mIoU": 0.599338220305541, "bn_loss": 0.15871523320674896, "s_adv": 0.6628757579760118, "t_adv": 1.2404377520084382}