{"s_Acc": 0.8984733683523336, "s_IoU": 0.7379418876373824, "s_mIoU": 0.8208789900981228, "t_Acc": 0.43157381554181606, "t_IoU": 0.3664151465916128, "t_mIoU": 0.6036181918161543, "bn_loss": 0.16075678169727325, "s_adv": 0.6306023529984734, "t_adv": 0.8374675303697586}