{"s_Acc": 0.8997179874006602, "s_IoU": 0.7416403432213233, "s_mIoU": 0.8235603042813675, "t_Acc": 0.507492993130473, "t_IoU": 0.40583081298614015, "t_mIoU": 0.6223674920736356, "bn_loss": 0.14438509941101074, "s_adv": 0.28127429126338527, "t_adv": 0.7928049445152283}