{"s_Acc": 0.8981488055381075, "s_IoU": 0.7459418275750478, "s_mIoU": 0.8268682751445593, "t_Acc": 0.4228433396066594, "t_IoU": 0.36083642558983836, "t_mIoU": 0.6006845339345538, "bn_loss": 0.14801423251628876, "s_adv": 0.280600062825463, "t_adv": 0.8192647010087967}