{"s_Acc": 0.8962165115418347, "s_IoU": 0.7455243989142118, "s_mIoU": 0.8266841987126585, "t_Acc": 0.39041365053877575, "t_IoU": 0.3399037698527566, "t_mIoU": 0.5897935589542749, "bn_loss": 0.15362809598445892, "s_adv": 0.2830172513018955, "t_adv": 0.8346873939037323}