{"s_Acc": 0.024436690669697714, "s_IoU": 0.024304259541293734, "s_mIoU": 0.3949041673164957, "t_Acc": 0.01414929985012038, "t_IoU": 0.014102335084114102, "t_mIoU": 0.3990900372795581}