{"s_Acc": 0.496240750642751, "s_IoU": 0.42762070674342206, "s_mIoU": 0.6243324134511293, "t_Acc": 0.3026426517115325, "t_IoU": 0.2752563941729671, "t_mIoU": 0.5448134734196699}