{"s_Acc": 0.09996420008767506, "s_IoU": 0.09819634828451927, "s_mIoU": 0.4373592966478502, "t_Acc": 0.05854322973609639, "t_IoU": 0.05791830849219521, "t_mIoU": 0.4240121413464747}