{"s_Acc": 0.7004609663494121, "s_IoU": 0.605143181123316, "s_mIoU": 0.7374175185492502, "t_Acc": 0.42660531729575646, "t_IoU": 0.3871378224924533, "t_mIoU": 0.6125681196363456}