{"s_Acc": 0.12810384722730936, "s_IoU": 0.12442268977789858, "s_mIoU": 0.4517309025634929, "t_Acc": 0.07513597060342171, "t_IoU": 0.07382883614025912, "t_mIoU": 0.43265263908063045}