{"s_Acc": 0.6740440514744526, "s_IoU": 0.57697911087001, "s_mIoU": 0.7185685850860893, "t_Acc": 0.42474967698577326, "t_IoU": 0.37995303949745324, "t_mIoU": 0.6068766728964891}