{"s_Acc": 0.15363884020104096, "s_IoU": 0.14985477721307353, "s_mIoU": 0.46743478354265877, "t_Acc": 0.09100756688787545, "t_IoU": 0.08963934646033103, "t_mIoU": 0.4422233255262646}