{"s_Acc": 0.6610191923285649, "s_IoU": 0.5178117528390489, "s_mIoU": 0.6721340995578631, "t_Acc": 0.42726685332118447, "t_IoU": 0.3578518751382995, "t_mIoU": 0.5869517777363182}