{"s_Acc": 0.0014986688431279755, "s_IoU": 0.0014977631931293893, "s_mIoU": 0.3819895511689538, "t_Acc": 0.0008654499751432741, "t_IoU": 0.0008651424671340362, "t_mIoU": 0.3916616932492425}