{"s_Acc": 0.6923881082826931, "s_IoU": 0.5966002321942625, "s_mIoU": 0.7317146383061228, "t_Acc": 0.44097873342564514, "t_IoU": 0.3963374649975049, "t_mIoU": 0.6173312986004126}