{"s_Acc": 0.3888160069194449, "s_IoU": 0.34981854213450175, "s_mIoU": 0.5802979202639176, "t_Acc": 0.23268000711563877, "t_IoU": 0.21817084955735713, "t_mIoU": 0.5135217429963689}