{"s_Acc": 0.08219337774019665, "s_IoU": 0.08071445259582564, "s_mIoU": 0.4269072443273997, "t_Acc": 0.04801450183157171, "t_IoU": 0.04748816196480656, "t_mIoU": 0.4178500595853146}