{"Acc": 0.10816056895563284, "IoU": 0.08092299113066438, "mIoU": 0.4390212986087963}