{"Acc": 0.2557202754643019, "IoU": 0.1114515346268774, "mIoU": 0.3831672835287754}