{"Acc": 0.8304586171188725, "IoU": 0.5817373560213839, "mIoU": 0.7348840470737079}