{"Acc": 0.8367436817125163, "IoU": 0.5914752357527296, "mIoU": 0.7414856962845198}