{"Acc": 0.8241860712953589, "IoU": 0.6274321930540293, "mIoU": 0.7678827093329275}