{"Acc": 0.43905060215284325, "IoU": 0.3212111761567307, "mIoU": 0.5795605850344363}