{"Acc": 0.8233579065021208, "IoU": 0.5660721091597078, "mIoU": 0.7239363565039626}