{"Acc": 0.630013205697517, "IoU": 0.44229993061366235, "mIoU": 0.6493644148269593}