{"Acc": 0.7264719345223383, "IoU": 0.50403572623251, "mIoU": 0.6862748889096661}