{"Acc": 0.2676249838700462, "IoU": 0.20603572902482845, "mIoU": 0.5155522713503434}