{"Acc": 0.45702916103054514, "IoU": 0.3203000550033351, "mIoU": 0.5751658686200793}