{"Acc": 0.7847134260920701, "IoU": 0.5381208216493786, "mIoU": 0.7064453618538074}