{"Acc": 0.3423687824244171, "IoU": 0.24881760263890282, "mIoU": 0.5356212863836238}