{"Acc": 0.7182275219062427, "IoU": 0.49367720913772023, "mIoU": 0.6791945263704352}