{"Acc": 0.617737749099451, "IoU": 0.43493635125743696, "mIoU": 0.6451051165813296}