{"Acc": 0.4527169262118009, "IoU": 0.32794592548360874, "mIoU": 0.582739592152707}