{"Acc": 0.8251261385734563, "IoU": 0.7075665657703815, "mIoU": 0.8141146575954699}