{"Acc": 0.6541649791478273, "IoU": 0.4013250522838801, "mIoU": 0.5766911493854184}