{"Acc": 0.8365067820126421, "IoU": 0.6653121788667345, "mIoU": 0.7765997449343133}