{"Acc": 0.8607844903736082, "IoU": 0.5821800669527433, "mIoU": 0.708260479233514}