{"Acc": 0.8753466028049908, "IoU": 0.5733237881600655, "mIoU": 0.6989745740449538}