{"Acc": 0.8601167889281788, "IoU": 0.6484579459521985, "mIoU": 0.7617211736711837}