{"Acc": 0.7784264260857079, "IoU": 0.5799110617196319, "mIoU": 0.7159831623583137}