{"Acc": 0.24318998515520635, "IoU": 0.1563328467104886, "mIoU": 0.42720306406592073}