{"Acc": 0.8633692347090648, "IoU": 0.5795379592937094, "mIoU": 0.705725956855646}