{"Acc": 0.8668012169152967, "IoU": 0.6394805196040501, "mIoU": 0.7541134541920962}