{"Acc": 0.7892380967269413, "IoU": 0.455119665124824, "mIoU": 0.6032546215069858}