{"Acc": 0.8656205312311992, "IoU": 0.646104943987041, "mIoU": 0.7593990708722747}