{"Acc": 0.881250192389235, "IoU": 0.6250180171375698, "mIoU": 0.7412292634901609}