{"Acc": 0.8792358065899538, "IoU": 0.623793970668022, "mIoU": 0.740446831265231}