{"Acc": 0.809737159640276, "IoU": 0.5825010834262564, "mIoU": 0.7144866208780659}