{"Acc": 0.7779086069343285, "IoU": 0.5754718758241344, "mIoU": 0.7124655693920472}