{"Acc": 0.8561866495489269, "IoU": 0.6558946958657416, "mIoU": 0.7677954081918356}