{"Acc": 0.7807009301888566, "IoU": 0.5749586746156683, "mIoU": 0.7117244660958665}