{"Acc": 0.883686827231969, "IoU": 0.6091258661708782, "mIoU": 0.7280627019014925}