{"Acc": 0.884083934729323, "IoU": 0.616287297142685, "mIoU": 0.7338763766841963}