{"Acc": 0.7842550745229271, "IoU": 0.5432988967890635, "mIoU": 0.6850356039476405}