{"Acc": 0.8636565953618502, "IoU": 0.7670266046248457, "mIoU": 0.8442935189829216}