{"Acc": 0.8691850814097098, "IoU": 0.762767135013969, "mIoU": 0.8408997112070571}