{"Acc": 0.865469455346369, "IoU": 0.76938804286057, "mIoU": 0.8458886526872547}