{"Acc": 0.7933395762785614, "IoU": 0.5571153791332596, "mIoU": 0.6862078968389349}